[ AutoCAD - Tue Jul 07 11:17:36 2026  ]----------------------------------------

Открывается файл формата AutoCAD 2018.
Подстановка [simplex.shx] вместо [T-FLEX Type A].
Выполняется регенерация модели.


Утилиты меню AutoCAD загружены.*Прервано*

Команда: 

Файл Autodesk DWG. Это файл формата TrustedDWG, сохраненный в приложении Autodesk или в приложении, лицензированном корпорацией Autodesk.

Команда: 

Команда: 
Команда: 
Команда: 
Команда: _line 
Первая точка:  <Привязка откл>  <Привязка вкл> *Прервано*

Команда: *Прервано*

Команда: 
Команда: 
Команда: _line 
Первая точка: *Прервано*

Команда: *Прервано*

Команда: 
Команда: 
Команда: _line 
Первая точка: *Прервано*

Команда: 
Команда: 
Команда: _line 
Первая точка: *Прервано*

Команда: *Прервано*

Команда: 
Команда: 
Команда: _line 
Первая точка: 
Следующая точка или [оТменить]: 720

Следующая точка или [оТменить]: 800

Следующая точка или [Замкнуть/Отменить]: *Прервано*

Команда: Задайте противоположный угол или [Линия/РМн-угол/СМн-угол]: 
Команда: 
Команда: 
Команда: _move найдено: 2

Базовая точка или [Смещение] <Смещение>: 
Вторая точка или <считать смещением первую точку>: 
Команда: *Прервано*

Команда: 
Команда: 
Команда: 
Команда: 
Команда: 
Команда: _move найдено: 3

Базовая точка или [Смещение] <Смещение>: 
Вторая точка или <считать смещением первую точку>: 
Команда: 
Команда: 
Команда: _line 
Первая точка: 
Следующая точка или [оТменить]: 
Следующая точка или [оТменить]: *Прервано*

Команда: 
Команда: 
** УВЕЛИЧИТЬ **
Конечная точка:
Команда: *Прервано*

Команда: 
Команда: 
Команда: _trim 
Текущие параметры: проекция = ПСК, кромка = Нет, режим = Быстрый
Выбрать режущие кромки...найдено: 1

Выберите обрезаемый или удлиняемый объект (плюс SHIFT) либо [реЖущие кромки/Секрамка/Режим/Проекция/уДалить]: 
*Прервано*

Команда: 
Команда: 
Команда: _trim 
Текущие параметры: проекция = ПСК, кромка = Нет, режим = Быстрый
Выбрать режущие кромки...найдено: 1

Выберите обрезаемый или удлиняемый объект (плюс SHIFT) либо [реЖущие кромки/Секрамка/Режим/Проекция/уДалить]: 




Выберите обрезаемый или удлиняемый объект (плюс SHIFT) либо [реЖущие кромки/Секрамка/Режим/Проекция/уДалить/Отменить]: *Прервано*

Команда: 
Команда: 
** РАСТЯНУТЬ **
Задайте точку для растяжения или [Базовая точка/Копировать/oТменить/выХод]:*Прервано*

Команда: 
** УВЕЛИЧИТЬ **
Конечная точка:
Команда: *Прервано*

Команда: 
Команда: 
Команда: 
Команда: _join найдено: 1

Ожидается линия, разомкнутая ломаная линия, дуга, эллиптическая дуга или разомкнутая линия сплайна.  Выберите поддерживаемый объект: *Прервано*

Команда: 
Команда: 
Команда: _line 
Первая точка: 
Следующая точка или [оТменить]: 
Следующая точка или [оТменить]: *Прервано*

Команда: 
Команда: 
Команда: _trim 
Текущие параметры: проекция = ПСК, кромка = Нет, режим = Быстрый
Выбрать режущие кромки...найдено: 1

Выберите обрезаемый или удлиняемый объект (плюс SHIFT) либо [реЖущие кромки/Секрамка/Режим/Проекция/уДалить]: 

Выберите обрезаемый или удлиняемый объект (плюс SHIFT) либо [реЖущие кромки/Секрамка/Режим/Проекция/уДалить/Отменить]: *Прервано*

Команда: 
Команда: 
Команда: _cutclip найдено: 1

Команда: 
Команда: '_matchprop 
Текущие активные настройки:  Цвет Слой Тип Лмасштаб Вес линий Прозрачность Толщина Стиль печати Размер Текст Штриховка Полилиния ВЭкран Таблица Материал Мультивыноска Центральный объект 

Выберите целевой объект(ы) или [Настройки]: 

Выберите целевой объект(ы) или [Настройки]: *Прервано*

Команда: 
Команда: 
Команда: 
Команда: _cutclip найдено: 1

Команда: 
Команда: 
Команда: 
Команда: _cutclip найдено: 1

Команда: 
Команда: 
Команда: 
Команда: _trim 
Текущие параметры: проекция = ПСК, кромка = Нет, режим = Быстрый
Выбрать режущие кромки...найдено: 1

Выберите обрезаемый или удлиняемый объект (плюс SHIFT) либо [реЖущие кромки/Секрамка/Режим/Проекция/уДалить]: 

Выберите обрезаемый или удлиняемый объект (плюс SHIFT) либо [реЖущие кромки/Секрамка/Режим/Проекция/уДалить/Отменить]: *Прервано*

Команда: 
Команда: 
Команда: 
Команда: _cutclip найдено: 1

Команда: 
Команда: 
** РАСТЯНУТЬ **
Задайте точку для растяжения или [Базовая точка/Копировать/oТменить/выХод]:
Команда: 
** УВЕЛИЧИТЬ **
Конечная точка:
Команда: *Прервано*

Команда: 
Команда: 
Команда: _trim 
Текущие параметры: проекция = ПСК, кромка = Нет, режим = Быстрый
Выбрать режущие кромки...найдено: 1

Выберите обрезаемый или удлиняемый объект (плюс SHIFT) либо [реЖущие кромки/Секрамка/Режим/Проекция/уДалить]: 

Выберите обрезаемый или удлиняемый объект (плюс SHIFT) либо [реЖущие кромки/Секрамка/Режим/Проекция/уДалить/Отменить]: *Прервано*

Команда: 
Команда: 
 
** РАСТЯГИВАНИЕ **
Точка растягивания или [Базовая точка/Копировать/ОТменить/выХод]: 
Размер откреплен.
Команда: 
** РАСТЯНУТЬ **
Задайте точку для растяжения или [Базовая точка/Копировать/oТменить/выХод]:
Команда: *Прервано*

Команда: 
Команда: *Прервано*

Команда: 
Команда: 
** РАСТЯНУТЬ **
Задайте точку для растяжения или [Базовая точка/Копировать/oТменить/выХод]:
Команда: *Прервано*

Команда: Задайте противоположный угол или [Линия/РМн-угол/СМн-угол]: 
Команда: 
 
** РАСТЯГИВАНИЕ **
Точка растягивания или [Базовая точка/Копировать/ОТменить/выХод]: 
Размер откреплен.
Команда: 
** РАСТЯНУТЬ **
Задайте точку для растяжения или [Базовая точка/Копировать/oТменить/выХод]:
Команда: *Прервано*

Команда: 
Команда: *Прервано*

Команда: 
 
** РАСТЯГИВАНИЕ **
Точка растягивания или [Базовая точка/Копировать/ОТменить/выХод]: 
Размер откреплен.
Команда: 
** РАСТЯНУТЬ **
Задайте точку для растяжения или [Базовая точка/Копировать/oТменить/выХод]:
Команда: *Прервано*

Команда: 
Команда: 
** РАСТЯНУТЬ **
Задайте точку для растяжения или [Базовая точка/Копировать/oТменить/выХод]:
Команда: *Прервано*

Команда: 
Команда: *Прервано*

Команда: 
Команда: 
Команда: _line 
Первая точка: 
Следующая точка или [оТменить]: *Прервано*

Команда: 
Команда: 
Команда: _line 
Первая точка: 
Следующая точка или [оТменить]: *Прервано*

Команда: 
Команда: *Прервано*

Команда: 
Команда: 
Команда: _line 
Первая точка: 
Следующая точка или [оТменить]: 
Следующая точка или [оТменить]: *Прервано*

Команда: 
Команда: 
Команда: 
Команда: _extend 
Текущие параметры: проекция = ПСК, кромка = Нет, режим = Быстрый
Выбрать кромки границы... найдено: 2

Выберите объект для удлинения или обрезки (SHIFT + выбор) либо
 [Кромки границы/Секрамка/РЕжим/Проекция]: 

Выберите объект для удлинения или обрезки (SHIFT + выбор) либо
 [Кромки границы/Секрамка/РЕжим/Проекция/Отменить]: 

Выберите объект для удлинения или обрезки (SHIFT + выбор) либо
 [Кромки границы/Секрамка/РЕжим/Проекция/Отменить]: *Прервано*

Команда: 
Команда: '_matchprop 
Текущие активные настройки:  Цвет Слой Тип Лмасштаб Вес линий Прозрачность Толщина Стиль печати Размер Текст Штриховка Полилиния ВЭкран Таблица Материал Мультивыноска Центральный объект 

Выберите целевой объект(ы) или [Настройки]: 

Выберите целевой объект(ы) или [Настройки]: *Прервано*

Команда: Задайте противоположный угол или [Линия/РМн-угол/СМн-угол]: 
Команда: 
Команда: 
Команда: 
Команда: _cutclip найдено: 1

Команда: 
Команда: 
Команда: 
Команда: _cutclip найдено: 1

Команда: 
Команда: 
Команда: _line 
Первая точка: 
Следующая точка или [оТменить]:  
>>Новое значение ORTHOMODE <0>:  
Возобновляется команда ОТРЕЗОК.

Следующая точка или [оТменить]: 
Следующая точка или [оТменить]: *Прервано*

Команда: 
Команда: 
Команда: _line 
Первая точка: 
Следующая точка или [оТменить]: 
Следующая точка или [оТменить]: *Прервано*

Команда: 
Команда: 
Команда: _trim 
Текущие параметры: проекция = ПСК, кромка = Нет, режим = Быстрый
Выбрать режущие кромки...найдено: 1

Выберите обрезаемый или удлиняемый объект (плюс SHIFT) либо [реЖущие кромки/Секрамка/Режим/Проекция/уДалить]: 

Выберите обрезаемый или удлиняемый объект (плюс SHIFT) либо [реЖущие кромки/Секрамка/Режим/Проекция/уДалить/Отменить]: *Прервано*

Команда: 
Команда: 
Команда: _cutclip найдено: 1

Команда: 
Команда: 
Команда: 
Команда: _cutclip найдено: 1

Команда: '_matchprop 
Текущие активные настройки:  Цвет Слой Тип Лмасштаб Вес линий Прозрачность Толщина Стиль печати Размер Текст Штриховка Полилиния ВЭкран Таблица Материал Мультивыноска Центральный объект 

Выберите целевой объект(ы) или [Настройки]: 

Выберите целевой объект(ы) или [Настройки]: *Прервано*

Команда: 
Команда: 
** РАСТЯНУТЬ **
Задайте точку для растяжения или [Базовая точка/Копировать/oТменить/выХод]:
Команда: 
Команда: 
Команда: _cutclip найдено: 1

Команда: 
Команда: 
Команда: _line 
Первая точка: 
Следующая точка или [оТменить]: 
Следующая точка или [оТменить]: *Прервано*

Команда: 
Команда: '_matchprop 
Текущие активные настройки:  Цвет Слой Тип Лмасштаб Вес линий Прозрачность Толщина Стиль печати Размер Текст Штриховка Полилиния ВЭкран Таблица Материал Мультивыноска Центральный объект 

Выберите целевой объект(ы) или [Настройки]: 

Выберите целевой объект(ы) или [Настройки]: *Прервано*

Команда: 
Команда: 
** УВЕЛИЧИТЬ **
Конечная точка:
Команда: *Прервано*

Команда: 
Команда: 
Команда: _trim 
Текущие параметры: проекция = ПСК, кромка = Нет, режим = Быстрый
Выбрать режущие кромки...найдено: 1

Выберите обрезаемый или удлиняемый объект (плюс SHIFT) либо [реЖущие кромки/Секрамка/Режим/Проекция/уДалить]: 

Выберите обрезаемый или удлиняемый объект (плюс SHIFT) либо [реЖущие кромки/Секрамка/Режим/Проекция/уДалить/Отменить]: *Прервано*

Команда: 
Команда: 
Команда: _line 
Первая точка: 
Следующая точка или [оТменить]: 
Следующая точка или [оТменить]: *Прервано*

Команда: 
Команда: 
Команда: _line 
Первая точка: 
Следующая точка или [оТменить]: 
Следующая точка или [оТменить]: *Прервано*

Команда: 
Команда: 
Команда: _extend 
Текущие параметры: проекция = ПСК, кромка = Нет, режим = Быстрый
Выбрать кромки границы... найдено: 2

Выберите объект для удлинения или обрезки (SHIFT + выбор) либо
 [Кромки границы/Секрамка/РЕжим/Проекция]: 

Выберите объект для удлинения или обрезки (SHIFT + выбор) либо
 [Кромки границы/Секрамка/РЕжим/Проекция/Отменить]: 

Выберите объект для удлинения или обрезки (SHIFT + выбор) либо
 [Кромки границы/Секрамка/РЕжим/Проекция/Отменить]: *Прервано*

Команда: 
Команда: 
Команда: _cutclip найдено: 2

Команда: 
Команда: 
Команда: _line 
Первая точка: 
Следующая точка или [оТменить]: 
Следующая точка или [оТменить]: *Прервано*

Команда: Задайте противоположный угол или [Линия/РМн-угол/СМн-угол]: *Прервано*

Команда: 
Команда: 
Команда: _extend 
Текущие параметры: проекция = ПСК, кромка = Нет, режим = Быстрый
Выбрать кромки границы... найдено: 1

Выберите объект для удлинения или обрезки (SHIFT + выбор) либо
 [Кромки границы/Секрамка/РЕжим/Проекция]: 

Выберите объект для удлинения или обрезки (SHIFT + выбор) либо
 [Кромки границы/Секрамка/РЕжим/Проекция/Отменить]: *Прервано*

Команда: 
Команда: '_matchprop 
Текущие активные настройки:  Цвет Слой Тип Лмасштаб Вес линий Прозрачность Толщина Стиль печати Размер Текст Штриховка Полилиния ВЭкран Таблица Материал Мультивыноска Центральный объект 

Выберите целевой объект(ы) или [Настройки]: 

Выберите целевой объект(ы) или [Настройки]: *Прервано*

Команда: 
Команда: 
Команда: 
Команда: _cutclip найдено: 1

Выносная линия откреплена.
Команда: 
Команда: 
Команда: 
Команда: _extend 
Текущие параметры: проекция = ПСК, кромка = Нет, режим = Быстрый
Выбрать кромки границы... найдено: 1

Выберите объект для удлинения или обрезки (SHIFT + выбор) либо
 [Кромки границы/Секрамка/РЕжим/Проекция]: 

Выберите объект для удлинения или обрезки (SHIFT + выбор) либо
 [Кромки границы/Секрамка/РЕжим/Проекция/Отменить]: *Прервано*

Команда: 
Команда: 
Команда: _.erase найдено: 2

Команда: 
Команда: *Прервано*

Команда: 
Команда: 
Команда: _dimlinear 
Начало первой выносной линии или <выбрать объект>: 
Начало второй выносной линии: 
Положение размерной линии или 
[Мтекст/Текст/Угол/Горизонтальный/Вертикальный/Повернутый]: 
Размерный текст = 100
Команда: 
Команда: 
Команда: _dimlinear 
Начало первой выносной линии или <выбрать объект>: 
Начало второй выносной линии: 
Положение размерной линии или 
[Мтекст/Текст/Угол/Горизонтальный/Вертикальный/Повернутый]: 
Размерный текст = 820
Команда: 
Команда: '_matchprop 
Текущие активные настройки:  Цвет Слой Тип Лмасштаб Вес линий Прозрачность Толщина Стиль печати Размер Текст Штриховка Полилиния ВЭкран Таблица Материал Мультивыноска Центральный объект 

Выберите целевой объект(ы) или [Настройки]: 

Выберите целевой объект(ы) или [Настройки]: 

Выберите целевой объект(ы) или [Настройки]: *Прервано*

Команда: 
** РАСТЯНУТЬ **
Задайте точку для растяжения или [Базовая точка/Копировать/oТменить/выХод]:
Команда: Задайте противоположный угол или [Линия/РМн-угол/СМн-угол]: 
Команда: 
 
** РАСТЯГИВАНИЕ **
Точка растягивания или [Базовая точка/Копировать/ОТменить/выХод]: 
Размер откреплен.
Команда: *Прервано*

Команда: 
Автоматическое сохранение в C:\Users\user\AppData\Local\Temp\РД_1_29790_fbcd584f.sv$ ...

Команда: 
Команда: 
Команда: 
Команда: 
Команда: _pasteclip Подстановка [simplex.shx] вместо [T-FLEX Type A].
Точка вставки: 
Команда: 
Команда: *Прервано*

Команда: Противоположный угол: 
Команда: *Прервано*

Команда: 
Команда: 
Команда: 
Команда: 
Команда: 
Команда: 
Команда: _move найдено: 4

Базовая точка или [Смещение] <Смещение>: 
Вторая точка или <считать смещением первую точку>: 
Команда: *Прервано*

Команда: Противоположный угол: 
Команда: *Прервано*

Команда: Задайте противоположный угол или [Линия/РМн-угол/СМн-угол]: 
Команда: *Прервано*

Команда: 
Команда: *Прервано*

Команда: 
Команда: 
Команда: 
Команда: _copy найдено: 1

Текущая настройка:  Режим копирования  = Несколько
Базовая точка или [Смещение/реЖим] <Смещение>: 
Вторая точка или [Массив] <использовать для смещения первую точку>: 
Укажите вторую точку или [Массив/Выход/Отменить] <Выход>: *Прервано*

Команда: 
Команда: 
Команда: 
Команда: 
Команда: _copy найдено: 2

Текущая настройка:  Режим копирования  = Несколько
Базовая точка или [Смещение/реЖим] <Смещение>: 
Вторая точка или [Массив] <использовать для смещения первую точку>: 
Укажите вторую точку или [Массив/Выход/Отменить] <Выход>: *Прервано*

Команда: 
Команда: *Прервано*

Команда: 
Команда:  
Команда: *Прервано*

Команда: 
Команда: 
** РАСТЯНУТЬ **
Точка растягивания или [Базовая точка/Копировать/ОТменить/выХод]
Команда: 
** УДАЛИТЬ ВЫНОСКУ **
 Выберите для удаления выноски:
Команда: _u 
Команда: _u Редактирование с помощью ручек 
Команда: 
Команда: 
** ДОБАВИТЬ ВЕРШИНУ **
Задайте точку новой вершины:*Прервано*

Команда:    
** ДОБАВИТЬ ВЫНОСКУ **
Местоположение стрелки выноски:
** ДОБАВИТЬ ВЫНОСКУ **
Местоположение стрелки выноски:
** ДОБАВИТЬ ВЫНОСКУ **
Местоположение стрелки выноски:
** ДОБАВИТЬ ВЫНОСКУ **
Местоположение стрелки выноски:*Прервано*

Команда: *Прервано*

Команда: 
Команда: 
Команда: 
Команда: _mtedit 
Команда: 
Команда: 
Команда: _line 
Первая точка: 
Следующая точка или [оТменить]: *Прервано*

Команда: Задайте противоположный угол или [Линия/РМн-угол/СМн-угол]: *Прервано*

Команда: 
Команда: 
Команда: 
Команда: _mtedit 
Команда: *Прервано*

Команда: 
Команда: 
Команда: 
Команда: _mtedit 
Команда: *Прервано*

Команда: 
Команда: 
Команда: _extend 
Текущие параметры: проекция = ПСК, кромка = Нет, режим = Быстрый
Выберите объект для удлинения или обрезки (SHIFT + выбор) либо
 [Кромки границы/Секрамка/РЕжим/Проекция]: *Прервано*

Команда: 
Команда: 
Команда: _dimlinear 
Начало первой выносной линии или <выбрать объект>: 
Начало второй выносной линии: 
Положение размерной линии или 
[Мтекст/Текст/Угол/Горизонтальный/Вертикальный/Повернутый]: 
Размерный текст = 1000
Команда:  РЗМЛИНЕЙНЫЙ

Начало первой выносной линии или <выбрать объект>: *Прервано*

Команда: 
Команда: *Прервано*

Команда: 
Команда: *Прервано*

Команда: 
Команда: 
Команда: 
Команда: _line 
Первая точка: 
Следующая точка или [оТменить]: *Прервано*

Команда: 
Команда: 
Команда: 
Команда: _line 
Первая точка: 
Следующая точка или [оТменить]: *Прервано*

Команда: 
Команда: Задайте противоположный угол или [Линия/РМн-угол/СМн-угол]: 
Команда: Задайте противоположный угол или [Линия/РМн-угол/СМн-угол]: 
Команда: Задайте противоположный угол или [Линия/РМн-угол/СМн-угол]: 
Команда: Задайте противоположный угол или [Линия/РМн-угол/СМн-угол]: 
Команда: 
Команда: 
Команда: _move найдено: 25

Базовая точка или [Смещение] <Смещение>: 
Вторая точка или <считать смещением первую точку>: 
Ассоциативность контура штриховки отменена.
Ассоциативность контура штриховки отменена.
Ассоциативность контура штриховки отменена.
Ассоциативность контура штриховки отменена.
Команда: *Прервано*

Команда: 
Команда: 
Команда: _dimlinear 
Начало первой выносной линии или <выбрать объект>: 
Начало второй выносной линии: 
Положение размерной линии или 
[Мтекст/Текст/Угол/Горизонтальный/Вертикальный/Повернутый]: 
Размерный текст = 900
Команда: *Прервано*

Команда: 
Команда: '_matchprop 
Текущие активные настройки:  Цвет Слой Тип Лмасштаб Вес линий Прозрачность Толщина Стиль печати Размер Текст Штриховка Полилиния ВЭкран Таблица Материал Мультивыноска Центральный объект 

Выберите целевой объект(ы) или [Настройки]: 

Выберите целевой объект(ы) или [Настройки]: 

Выберите целевой объект(ы) или [Настройки]: *Прервано*

Команда: Задайте противоположный угол или [Линия/РМн-угол/СМн-угол]: *Прервано*

Команда: 
Команда: 
** РАСТЯНУТЬ **
Задайте точку для растяжения или [Базовая точка/Копировать/oТменить/выХод]:
Команда: *Прервано*

Команда: 
Команда: 
** РАСТЯНУТЬ **
Задайте точку для растяжения или [Базовая точка/Копировать/oТменить/выХод]:
Команда: *Прервано*

Команда: 
Команда: 
Команда: 
Команда: 
Команда: _properties 
Команда: 
Команда: 
Команда: *Прервано*

Команда: *Прервано*

Команда: 
Команда: 
Команда: _dimlinear 
Начало первой выносной линии или <выбрать объект>: 
Начало второй выносной линии: 
Положение размерной линии или 
[Мтекст/Текст/Угол/Горизонтальный/Вертикальный/Повернутый]: 
Размерный текст = 500
Команда:  РЗМЛИНЕЙНЫЙ

Начало первой выносной линии или <выбрать объект>: 
Начало второй выносной линии: 
Положение размерной линии или 
[Мтекст/Текст/Угол/Горизонтальный/Вертикальный/Повернутый]: 
Размерный текст = 900
Команда:  РЗМЛИНЕЙНЫЙ

Начало первой выносной линии или <выбрать объект>: 
Начало второй выносной линии: 
Положение размерной линии или 
[Мтекст/Текст/Угол/Горизонтальный/Вертикальный/Повернутый]: 
Размерный текст = 400
Команда:  РЗМЛИНЕЙНЫЙ

Начало первой выносной линии или <выбрать объект>: 
Начало второй выносной линии: 
Положение размерной линии или 
[Мтекст/Текст/Угол/Горизонтальный/Вертикальный/Повернутый]: 
Размерный текст = 400
Команда:  РЗМЛИНЕЙНЫЙ

Начало первой выносной линии или <выбрать объект>: 
Начало второй выносной линии: *Прервано*

Команда: Задайте противоположный угол или [Линия/РМн-угол/СМн-угол]: 
Команда: 
Команда: 
Команда: _cutclip найдено: 1

Команда: 
Команда: 
Команда: 
Команда: _dimlinear 
Начало первой выносной линии или <выбрать объект>: 
Начало второй выносной линии: 
Положение размерной линии или 
[Мтекст/Текст/Угол/Горизонтальный/Вертикальный/Повернутый]: 
Размерный текст = 200
Команда:  РЗМЛИНЕЙНЫЙ

Начало первой выносной линии или <выбрать объект>: 
Начало второй выносной линии: 
Положение размерной линии или 
[Мтекст/Текст/Угол/Горизонтальный/Вертикальный/Повернутый]: 
Размерный текст = 400
Команда: 
Команда: 
 
** РАСТЯГИВАНИЕ **
Точка растягивания или [Базовая точка/Копировать/ОТменить/выХод]: 
Команда: *Прервано*

Команда: Задайте противоположный угол или [Линия/РМн-угол/СМн-угол]: 
Команда: Задайте противоположный угол или [Линия/РМн-угол/СМн-угол]: 
Команда: *Прервано*

Команда: 
Команда: 
Команда: 
Команда: 
Команда: 
Команда: _copy найдено: 3

Текущая настройка:  Режим копирования  = Несколько
Базовая точка или [Смещение/реЖим] <Смещение>: 
Вторая точка или [Массив] <использовать для смещения первую точку>: 
Укажите вторую точку или [Массив/Выход/Отменить] <Выход>: 
Укажите вторую точку или [Массив/Выход/Отменить] <Выход>: 
Укажите вторую точку или [Массив/Выход/Отменить] <Выход>: *Прервано*

Размер откреплен.
Размер откреплен.
Размер откреплен.
Размер откреплен.
Размер откреплен.
Размер откреплен.
Размер откреплен.
Размер откреплен.
Размер откреплен.
Команда: 
Команда: 
 
** РАСТЯГИВАНИЕ **
Точка растягивания или [Базовая точка/Копировать/ОТменить/выХод]: 
Команда: 
 
** РАСТЯГИВАНИЕ **
Точка растягивания или [Базовая точка/Копировать/ОТменить/выХод]: 
Команда: 
Команда: 
 
** РАСТЯГИВАНИЕ **
Точка растягивания или [Базовая точка/Копировать/ОТменить/выХод]: 
Команда: *Прервано*

Команда: 
Команда: 
Команда: 
Команда: _cutclip найдено: 1

Команда: 
Команда: 
 
** РАСТЯГИВАНИЕ **
Точка растягивания или [Базовая точка/Копировать/ОТменить/выХод]: 
Команда: *Прервано*

Команда: 
Команда: 
 
** РАСТЯГИВАНИЕ **
Точка растягивания или [Базовая точка/Копировать/ОТменить/выХод]: 
Команда: 
 
** РАСТЯГИВАНИЕ **
Точка растягивания или [Базовая точка/Копировать/ОТменить/выХод]: 
Команда: 
 
** РАСТЯГИВАНИЕ **
Точка растягивания или [Базовая точка/Копировать/ОТменить/выХод]: 
Команда: 
 
** РАСТЯГИВАНИЕ **
Точка растягивания или [Базовая точка/Копировать/ОТменить/выХод]: 
Команда: Задайте противоположный угол или [Линия/РМн-угол/СМн-угол]: 
Команда: Задайте противоположный угол или [Линия/РМн-угол/СМн-угол]: 
Команда: Задайте противоположный угол или [Линия/РМн-угол/СМн-угол]: 
Команда: 
 
** РАСТЯГИВАНИЕ **
Точка растягивания или [Базовая точка/Копировать/ОТменить/выХод]: 
Команда: 
 
** РАСТЯГИВАНИЕ **
Точка растягивания или [Базовая точка/Копировать/ОТменить/выХод]: 
Команда: 
Команда: 
 
** РАСТЯГИВАНИЕ **
Точка растягивания или [Базовая точка/Копировать/ОТменить/выХод]: 
Команда: 
 
** РАСТЯГИВАНИЕ **
Точка растягивания или [Базовая точка/Копировать/ОТменить/выХод]: 
Команда: *Прервано*

Команда: Задайте противоположный угол или [Линия/РМн-угол/СМн-угол]: 
Команда: 
Команда: '_matchprop 
Текущие активные настройки:  Цвет Слой Тип Лмасштаб Вес линий Прозрачность Толщина Стиль печати Размер Текст Штриховка Полилиния ВЭкран Таблица Материал Мультивыноска Центральный объект 

Выберите целевой объект(ы) или [Настройки]: 

Выберите целевой объект(ы) или [Настройки]: 

Выберите целевой объект(ы) или [Настройки]: *Прервано*

Команда: *Прервано*

Команда: 
Команда: *Прервано*

Команда: 
Команда: '_matchprop 
Текущие активные настройки:  Цвет Слой Тип Лмасштаб Вес линий Прозрачность Толщина Стиль печати Размер Текст Штриховка Полилиния ВЭкран Таблица Материал Мультивыноска Центральный объект 

Выберите целевой объект(ы) или [Настройки]: Противоположный угол: 

Выберите целевой объект(ы) или [Настройки]: *Прервано*

Команда: 
Команда: Задайте противоположный угол или [Линия/РМн-угол/СМн-угол]: 
Команда: Задайте противоположный угол или [Линия/РМн-угол/СМн-угол]: 
Команда: Задайте противоположный угол или [Линия/РМн-угол/СМн-угол]: 
Команда: Задайте противоположный угол или [Линия/РМн-угол/СМн-угол]: 
Команда: Задайте противоположный угол или [Линия/РМн-угол/СМн-угол]: 
Команда: Задайте противоположный угол или [Линия/РМн-угол/СМн-угол]: 
Команда: 
Выносная линия откреплена.
Команда: *Прервано*

Команда: *Прервано*

Команда: Задайте противоположный угол или [Линия/РМн-угол/СМн-угол]: 
Команда: *Прервано*

Команда: Задайте противоположный угол или [Линия/РМн-угол/СМн-угол]: 
Команда: 
 
** РАСТЯГИВАНИЕ **
Точка растягивания или [Базовая точка/Копировать/ОТменить/выХод]: 
Команда: *Прервано*

Команда: Задайте противоположный угол или [Линия/РМн-угол/СМн-угол]: 
Команда: 
** РАСТЯНУТЬ **
Задайте точку для растяжения или [Базовая точка/Копировать/oТменить/выХод]:
Команда: 
** РАСТЯНУТЬ **
Задайте точку для растяжения или [Базовая точка/Копировать/oТменить/выХод]:
Команда: *Прервано*

Команда: 
Команда: 
** РАСТЯНУТЬ **
Задайте точку для растяжения или [Базовая точка/Копировать/oТменить/выХод]:
Команда: *Прервано*

Команда: 
Команда: 
** РАСТЯНУТЬ **
Задайте точку для растяжения или [Базовая точка/Копировать/oТменить/выХод]:
Команда: *Прервано*

Команда: *Прервано*

Команда: Задайте противоположный угол или [Линия/РМн-угол/СМн-угол]: 
Команда: Задайте противоположный угол или [Линия/РМн-угол/СМн-угол]: 
Команда: Задайте противоположный угол или [Линия/РМн-угол/СМн-угол]: 
Команда: Задайте противоположный угол или [Линия/РМн-угол/СМн-угол]: 
Команда: Задайте противоположный угол или [Линия/РМн-угол/СМн-угол]: 
Команда: Задайте противоположный угол или [Линия/РМн-угол/СМн-угол]: 
Команда: Задайте противоположный угол или [Линия/РМн-угол/СМн-угол]: 
Команда: Задайте противоположный угол или [Линия/РМн-угол/СМн-угол]: 
Команда: 
Команда: 
Команда: *Прервано*

Команда: 
Команда: 
** РАСТЯНУТЬ **
Задайте точку для растяжения или [Базовая точка/Копировать/oТменить/выХод]:
Команда: 
** РАСТЯНУТЬ **
Задайте точку для растяжения или [Базовая точка/Копировать/oТменить/выХод]:
Команда: *Прервано*

Команда: Задайте противоположный угол или [Линия/РМн-угол/СМн-угол]: 
Команда: 
Команда: 
 
** РАСТЯГИВАНИЕ **
Точка растягивания или [Базовая точка/Копировать/ОТменить/выХод]: 
Команда: 
Команда: 
** РАСТЯНУТЬ **
Задайте точку для растяжения или [Базовая точка/Копировать/oТменить/выХод]:
Команда: 
Команда: 
** РАСТЯНУТЬ **
Задайте точку для растяжения или [Базовая точка/Копировать/oТменить/выХод]:
Команда: 
Команда: 
** РАСТЯНУТЬ **
Задайте точку для растяжения или [Базовая точка/Копировать/oТменить/выХод]:
Команда: 
** РАСТЯНУТЬ **
Задайте точку для растяжения или [Базовая точка/Копировать/oТменить/выХод]:
Команда: *Прервано*

Команда: 
Команда: 
** РАСТЯНУТЬ **
Задайте точку для растяжения или [Базовая точка/Копировать/oТменить/выХод]:
Команда: 
Команда: 
** РАСТЯНУТЬ **
Задайте точку для растяжения или [Базовая точка/Копировать/oТменить/выХод]:
Команда: *Прервано*

Команда: 
Команда: 
** РАСТЯНУТЬ **
Задайте точку для растяжения или [Базовая точка/Копировать/oТменить/выХод]:
Команда: *Прервано*

Команда: 
Команда: *Прервано*

Команда: 
Команда: 
** РАСТЯНУТЬ **
Задайте точку для растяжения или [Базовая точка/Копировать/oТменить/выХод]:
Команда: *Прервано*

Команда: 
Команда: *Прервано*

Команда: 
Команда: 
** РАСТЯНУТЬ **
Задайте точку для растяжения или [Базовая точка/Копировать/oТменить/выХод]:
Команда: 
** РАСТЯНУТЬ **
Задайте точку для растяжения или [Базовая точка/Копировать/oТменить/выХод]:
Команда: *Прервано*

Команда: 
Команда: 
** РАСТЯНУТЬ **
Задайте точку для растяжения или [Базовая точка/Копировать/oТменить/выХод]:
Команда: 
** РАСТЯНУТЬ **
Задайте точку для растяжения или [Базовая точка/Копировать/oТменить/выХод]:
Команда: *Прервано*

Команда: Задайте противоположный угол или [Линия/РМн-угол/СМн-угол]: 
Команда: 
** РАСТЯНУТЬ **
Задайте точку для растяжения или [Базовая точка/Копировать/oТменить/выХод]:
Команда: *Прервано*

Команда: 
Команда: 
** РАСТЯНУТЬ **
Задайте точку для растяжения или [Базовая точка/Копировать/oТменить/выХод]:
Команда: *Прервано*

Команда: 
Команда: '_matchprop 
Текущие активные настройки:  Цвет Слой Тип Лмасштаб Вес линий Прозрачность Толщина Стиль печати Размер Текст Штриховка Полилиния ВЭкран Таблица Материал Мультивыноска Центральный объект 

Выберите целевой объект(ы) или [Настройки]: Противоположный угол: 

Выберите целевой объект(ы) или [Настройки]: *Прервано*

Команда: 
Команда: *Прервано*

Команда: 
Команда: 
** РАСТЯНУТЬ **
Задайте точку для растяжения или [Базовая точка/Копировать/oТменить/выХод]:
Команда: *Прервано*

Команда: 
Команда: 
Команда: _rectang 
Укажите точку первого угла или [Фаска/Уровень/Сопряжение/Толщина/Ширина]: 
Укажите точку второго угла или [Площадь/Размеры/поВорот]: 
Команда:  ПРЯМОУГОЛЬНИК

Укажите точку первого угла или [Фаска/Уровень/Сопряжение/Толщина/Ширина]: 
Укажите точку второго угла или [Площадь/Размеры/поВорот]: 
Команда:  ПРЯМОУГОЛЬНИК

Укажите точку первого угла или [Фаска/Уровень/Сопряжение/Толщина/Ширина]: 
Укажите точку второго угла или [Площадь/Размеры/поВорот]: 
Команда: Задайте противоположный угол или [Линия/РМн-угол/СМн-угол]: 
Команда: 
Команда: 
Команда: _copy найдено: 3

Текущая настройка:  Режим копирования  = Несколько
Базовая точка или [Смещение/реЖим] <Смещение>: 
Вторая точка или [Массив] <использовать для смещения первую точку>: 
Укажите вторую точку или [Массив/Выход/Отменить] <Выход>: *Прервано*

Команда: Задайте противоположный угол или [Линия/РМн-угол/СМн-угол]: 
Команда: 
Команда: 
Команда: _rotate 
Текущие установки отсчета углов в ПСК:  ANGDIR=против ч/с  ANGBASE=0
найдено: 3

Базовая точка: 
Угол поворота или [Копия/Опорный угол] <0>: 
Команда: Задайте противоположный угол или [Линия/РМн-угол/СМн-угол]: 
Команда: 
Команда: 
Команда: _move найдено: 3

Базовая точка или [Смещение] <Смещение>: 
Вторая точка или <считать смещением первую точку>: 
Команда: *Прервано*

Команда: Задайте противоположный угол или [Линия/РМн-угол/СМн-угол]: 
Команда: *Прервано*

Команда: Задайте противоположный угол или [Линия/РМн-угол/СМн-угол]: 
Команда: МАСШТАБ
найдено: 3

Базовая точка: 
Масштаб или [Копия/Опорный отрезок]: 0.5

Команда: *Прервано*

Команда: Задайте противоположный угол или [Линия/РМн-угол/СМн-угол]: 
Команда: 
Команда: 
Команда: _copy найдено: 3

Текущая настройка:  Режим копирования  = Несколько
Базовая точка или [Смещение/реЖим] <Смещение>: 
Вторая точка или [Массив] <использовать для смещения первую точку>: 
Укажите вторую точку или [Массив/Выход/Отменить] <Выход>: *Прервано*

Команда: *Прервано*

Команда: Задайте противоположный угол или [Линия/РМн-угол/СМн-угол]: 
Команда: _u INTELLIZOOM 
Команда: _u КОПИРОВАТЬ ГРУППА 
Команда: Задайте противоположный угол или [Линия/РМн-угол/СМн-угол]: 
Команда: 
Команда: 
Команда: _move найдено: 3

Базовая точка или [Смещение] <Смещение>: 
Вторая точка или <считать смещением первую точку>: 
Команда: Задайте противоположный угол или [Линия/РМн-угол/СМн-угол]: 
Команда: 
Команда: 
Команда: _copy найдено: 3

Текущая настройка:  Режим копирования  = Несколько
Базовая точка или [Смещение/реЖим] <Смещение>: 
Вторая точка или [Массив] <использовать для смещения первую точку>: 
Укажите вторую точку или [Массив/Выход/Отменить] <Выход>: 
Укажите вторую точку или [Массив/Выход/Отменить] <Выход>: 
Укажите вторую точку или [Массив/Выход/Отменить] <Выход>: *Прервано*

Команда: Задайте противоположный угол или [Линия/РМн-угол/СМн-угол]: 
Команда: Задайте противоположный угол или [Линия/РМн-угол/СМн-угол]: 
Команда: 
Команда: 
Команда: _cutclip найдено: 12

Команда: Противоположный угол: 
Команда: *Прервано*

Команда: Задайте противоположный угол или [Линия/РМн-угол/СМн-угол]: 
Команда: Задайте противоположный угол или [Линия/РМн-угол/СМн-угол]: 
Команда: Задайте противоположный угол или [Линия/РМн-угол/СМн-угол]: 
Команда: Задайте противоположный угол или [Линия/РМн-угол/СМн-угол]: 
Команда: 
Команда: 
Команда: 
Команда: 
Команда: _copy найдено: 26

Текущая настройка:  Режим копирования  = Несколько
Базовая точка или [Смещение/реЖим] <Смещение>: 
Вторая точка или [Массив] <использовать для смещения первую точку>: 
Укажите вторую точку или [Массив/Выход/Отменить] <Выход>: *Прервано*

Команда: Задайте противоположный угол или [Линия/РМн-угол/СМн-угол]: 
Команда: МАСШТАБ
найдено: 26

Базовая точка: 
Масштаб или [Копия/Опорный отрезок]: 0.5

Команда: *Прервано*

Команда: Задайте противоположный угол или [Линия/РМн-угол/СМн-угол]: 
Команда: 
Команда: 
Команда: _rotate 
Текущие установки отсчета углов в ПСК:  ANGDIR=против ч/с  ANGBASE=0
найдено: 26

Базовая точка: 
Угол поворота или [Копия/Опорный угол] <180>: 
Команда: Задайте противоположный угол или [Линия/РМн-угол/СМн-угол]: 
Команда: *Прервано*

Команда: Задайте противоположный угол или [Линия/РМн-угол/СМн-угол]: 
Команда: 
Команда: 
Команда: _move найдено: 26

Базовая точка или [Смещение] <Смещение>: 
Вторая точка или <считать смещением первую точку>: *Прервано*

Команда: Задайте противоположный угол или [Линия/РМн-угол/СМн-угол]: 
Команда: 
Команда: 
Команда: _copybase 
Базовая точка: найдено: 26

Команда: *Прервано*

Команда: 
Команда: 
Команда: _pasteblock Подстановка [simplex.shx] вместо [T-FLEX Type A].
Точка вставки: 
Команда: Задайте противоположный угол или [Линия/РМн-угол/СМн-угол]: *Прервано*

Команда: 
Команда: 
Команда: 
Команда: _move найдено: 1

Базовая точка или [Смещение] <Смещение>: 
Вторая точка или <считать смещением первую точку>: 
Команда: *Прервано*

Команда: Задайте противоположный угол или [Линия/РМн-угол/СМн-угол]: 
Команда: *Прервано*

Команда: Задайте противоположный угол или [Линия/РМн-угол/СМн-угол]: 
Команда: 
Команда: 
Команда: _cutclip найдено: 26

Команда: 
Команда: 
Команда: _line 
Первая точка: 
Следующая точка или [оТменить]: 
Следующая точка или [оТменить]: *Прервано*

Команда: Противоположный угол: 
Команда: *Прервано*

Команда: 
Команда: *Прервано*

Команда: 
Команда: 
Команда: _line 
Первая точка: 
Следующая точка или [оТменить]: *Прервано*

Команда: 
Команда: 
Команда: _line 
Первая точка:  <Шаг откл> 
Следующая точка или [оТменить]: 
Следующая точка или [оТменить]: 
Следующая точка или [Замкнуть/Отменить]: 
Следующая точка или [Замкнуть/Отменить]: З

Команда: Задайте противоположный угол или [Линия/РМн-угол/СМн-угол]: 
Команда: 
Команда: 
Команда: _cutclip найдено: 5

Команда: 
Команда: 
Команда: _rectang 
Укажите точку первого угла или [Фаска/Уровень/Сопряжение/Толщина/Ширина]: 
Укажите точку второго угла или [Площадь/Размеры/поВорот]: 
Команда:  ПРЯМОУГОЛЬНИК

Укажите точку первого угла или [Фаска/Уровень/Сопряжение/Толщина/Ширина]: 
Укажите точку второго угла или [Площадь/Размеры/поВорот]: 
Команда:  ПРЯМОУГОЛЬНИК

Укажите точку первого угла или [Фаска/Уровень/Сопряжение/Толщина/Ширина]: 
Укажите точку второго угла или [Площадь/Размеры/поВорот]: 
Команда:  ПРЯМОУГОЛЬНИК

Укажите точку первого угла или [Фаска/Уровень/Сопряжение/Толщина/Ширина]: 
Укажите точку второго угла или [Площадь/Размеры/поВорот]: 
Команда: *Прервано*

Команда: Задайте противоположный угол или [Линия/РМн-угол/СМн-угол]: 
Команда: 
Команда: 
Команда: _cutclip найдено: 1

Команда: 
Команда: *Прервано*

Команда: Задайте противоположный угол или [Линия/РМн-угол/СМн-угол]: 
Команда: *Прервано*

Команда: 
Команда: 
Команда:   

Команда: 
Команда: 
Команда: _SelectSimilar 
Команда: 
Команда: 
Команда: _move найдено: 66

Базовая точка или [Смещение] <Смещение>: 
Вторая точка или <считать смещением первую точку>: 200

Команда:  <Шаг вкл> 
Команда: 
Команда: *Прервано*

Команда: 
Команда: *Прервано*

Команда: *Прервано*

Команда: 
Команда: *Прервано*

Команда: 
Команда: 
Команда: _hatch 
Укажите внутреннюю точку или [Выбрать объекты/Отменить/Параметры]: Выбор всех объектов...
Выбираются все видимые объекты...
Анализ выбранных данных...

Анализ внутренних островков...

Укажите внутреннюю точку или [Выбрать объекты/Отменить/Параметры]: 

Команда: 
Команда: '_-hatchedit
найдено: 1

Задайте параметр штриховки [Неассоциативная/сТиль/Свойства/поРядок прорисовки/Добавить контуры/Удалить контуры/Восстановить контур/свяЗать/Отдельные штриховки/Исходная точка/Аннотативный/Цвет штриховки/сЛой/Прозрачность] <Свойства>: _p

Имя образца или [?/Заливка/Пользовательская/Градиент] <ANGLE>: ANSI31

Масштаб штриховки <1.0000>: 

Наклон штриховки <0>: 

Команда: 
Команда: '_-hatchedit
найдено: 1

Задайте параметр штриховки [Неассоциативная/сТиль/Свойства/поРядок прорисовки/Добавить контуры/Удалить контуры/Восстановить контур/свяЗать/Отдельные штриховки/Исходная точка/Аннотативный/Цвет штриховки/сЛой/Прозрачность] <Свойства>: _p

Имя образца или [?/Заливка/Пользовательская/Градиент] <ANSI31>: ANSI31

Масштаб штриховки <1.0000>: 

Наклон штриховки <0>: 

Команда: '_-hatchedit_pANSI31*Прервано*

Команда: 
Команда: *Прервано*

Команда: 
Команда: *Прервано*

Команда: Задайте противоположный угол или [Линия/РМн-угол/СМн-угол]: 
Команда: 
Команда: 
Команда: _move найдено: 2

Базовая точка или [Смещение] <Смещение>: 
Вторая точка или <считать смещением первую точку>: *Прервано*

Команда: Задайте противоположный угол или [Линия/РМн-угол/СМн-угол]: 
Команда: *Прервано*

Команда: 
Команда: 
Команда: *Прервано*

Команда: Задайте противоположный угол или [Линия/РМн-угол/СМн-угол]: 
Команда: 
Команда: 
Команда: _copy найдено: 2

Текущая настройка:  Режим копирования  = Несколько
Базовая точка или [Смещение/реЖим] <Смещение>: 
Вторая точка или [Массив] <использовать для смещения первую точку>: 200

Укажите вторую точку или [Массив/Выход/Отменить] <Выход>: *Прервано*

Команда: 
Команда: 
Команда:   
Команда: *Прервано*

Команда: *Прервано*

Команда: *Прервано*

Команда:   <Переход на: 8>
Выполняется регенерация листов.
Выполняется регенерация модели.

Команда: *Прервано*

Команда: *Прервано*

Команда:   <Переход на: Модель>
Выполняется регенерация модели.

Команда: 
Команда: *Прервано*

Команда: *Прервано*

Команда: *Прервано*

Команда:   <Переход на: 8>
Выполняется регенерация листов.
Выполняется регенерация модели.

Команда: 
Команда: 
Команда: _plot 
Нажмите ESC или ENTER для выхода, или правую кнопку мыши для вывода контекстного меню.

Команда: *Прервано*

Команда: *Прервано*

Команда:   <Переход на: Модель>
Выполняется регенерация модели.

Команда: 
Команда: *Прервано*

Команда:  <Вес линий Перемещение> 
Команда:  <Вес линий Отразить> 
Команда: 
Команда: *Прервано*

Команда: 
Команда: '_matchprop 
Текущие активные настройки:  Цвет Слой Тип Лмасштаб Вес линий Прозрачность Толщина Стиль печати Размер Текст Штриховка Полилиния ВЭкран Таблица Материал Мультивыноска Центральный объект 

Выберите целевой объект(ы) или [Настройки]: 

Выберите целевой объект(ы) или [Настройки]: 

Выберите целевой объект(ы) или [Настройки]: 

Выберите целевой объект(ы) или [Настройки]: *Прервано*

Команда: 
Команда: *Прервано*

Команда: 
Команда: *Прервано*

Команда: 
Команда: 
Команда: _plot 
Команда: РЕГЕН
Выполняется регенерация модели.

Команда: *Прервано*

Команда: *Прервано*

Команда:   <Переход на: 8>
Выполняется регенерация листов.
Выполняется регенерация модели.

Команда: *Прервано*

Команда: *Прервано*

Команда:   <Переход на: Модель>
Выполняется регенерация модели.

Команда: *Прервано*

Команда: Задайте противоположный угол или [Линия/РМн-угол/СМн-угол]: 
Команда: 
Команда: 
Команда: _cutclip найдено: 2

Команда: 
Команда: 
Команда: _line 
Первая точка: 
Следующая точка или [оТменить]: 
Следующая точка или [оТменить]: *Прервано*

Команда: 
Команда: 
Команда: _line 
Первая точка: 
Следующая точка или [оТменить]: 
Следующая точка или [оТменить]: *Прервано*

Команда: 
Команда: 
Команда: _line 
Первая точка: 
Следующая точка или [оТменить]: 
Следующая точка или [оТменить]: *Прервано*

Команда: 
Команда: 
Команда: 
Команда: 
Команда: 
Команда: _cutclip найдено: 3

Команда: Задайте противоположный угол или [Линия/РМн-угол/СМн-угол]: 
Команда: 
Команда: 
Команда: _copy найдено: 2

Текущая настройка:  Режим копирования  = Несколько
Базовая точка или [Смещение/реЖим] <Смещение>: 
Вторая точка или [Массив] <использовать для смещения первую точку>: 
Укажите вторую точку или [Массив/Выход/Отменить] <Выход>: 
Укажите вторую точку или [Массив/Выход/Отменить] <Выход>: 
Укажите вторую точку или [Массив/Выход/Отменить] <Выход>: *Прервано*

Команда: Задайте противоположный угол или [Линия/РМн-угол/СМн-угол]: 
Команда: Задайте противоположный угол или [Линия/РМн-угол/СМн-угол]: 
Команда: Задайте противоположный угол или [Линия/РМн-угол/СМн-угол]: 
Команда: 
Команда: 
Команда: _cutclip найдено: 3

Команда: Задайте противоположный угол или [Линия/РМн-угол/СМн-угол]: 
Команда: 
Команда: 
Команда: _move найдено: 6

Базовая точка или [Смещение] <Смещение>: 
Вторая точка или <считать смещением первую точку>: 200

Команда: *Прервано*

Команда: Задайте противоположный угол или [Линия/РМн-угол/СМн-угол]: 
Команда: Задайте противоположный угол или [Линия/РМн-угол/СМн-угол]: 
Команда: Задайте противоположный угол или [Линия/РМн-угол/СМн-угол]: 
Команда: 
Команда: 
Команда:   
Команда: *Прервано*

Команда: *Прервано*

Команда:   <Переход на: 8>
Выполняется регенерация листов.
Выполняется регенерация модели.

Команда: *Прервано*

Команда: *Прервано*

Команда:   <Переход на: Модель>
Выполняется регенерация модели.

Команда: 
Команда: 
Команда: 
Команда: _copy найдено: 1

Текущая настройка:  Режим копирования  = Несколько
Базовая точка или [Смещение/реЖим] <Смещение>: 
Вторая точка или [Массив] <использовать для смещения первую точку>: 
Укажите вторую точку или [Массив/Выход/Отменить] <Выход>: *Прервано*

Размер откреплен.
Команда: Задайте противоположный угол или [Линия/РМн-угол/СМн-угол]: 
Команда: 
** РАСТЯНУТЬ **
Точка растягивания или [Базовая точка/Копировать/ОТменить/выХод]
Команда: 
** РАСТЯНУТЬ **
Точка растягивания или [Базовая точка/Копировать/ОТменить/выХод]
Команда: 
** РАСТЯНУТЬ **
Точка растягивания или [Базовая точка/Копировать/ОТменить/выХод]
Команда: 
** РАСТЯНУТЬ **
Точка растягивания или [Базовая точка/Копировать/ОТменить/выХод]
Команда: *Прервано*

Команда: 
Команда:  
Команда: *Прервано*

Команда: 
Команда: 
Команда: _rectang 
Укажите точку первого угла или [Фаска/Уровень/Сопряжение/Толщина/Ширина]: 
Укажите точку второго угла или [Площадь/Размеры/поВорот]: 
Команда:  ПРЯМОУГОЛЬНИК

Укажите точку первого угла или [Фаска/Уровень/Сопряжение/Толщина/Ширина]: 
Укажите точку второго угла или [Площадь/Размеры/поВорот]: 
Команда: 
Команда:  
Команда: 
Команда:  
Команда: *Прервано*

Команда: Задайте противоположный угол или [Линия/РМн-угол/СМн-угол]: 
Команда: 
** РАСТЯНУТЬ **
Задайте точку для операции растяжения:
Команда: *Прервано*

Команда: 
Команда: 
Команда: _line 
Первая точка: 
Следующая точка или [оТменить]: *Прервано*

Команда: 
Команда: 
Команда: _line 
Первая точка: 
Следующая точка или [оТменить]: *Прервано*

Команда: Задайте противоположный угол или [Линия/РМн-угол/СМн-угол]: 
Автоматическое сохранение в C:\Users\user\AppData\Local\Temp\РД_1_29790_fbcd584f.sv$ ...

Команда: 
Команда: Задайте противоположный угол или [Линия/РМн-угол/СМн-угол]: 
Команда: Задайте противоположный угол или [Линия/РМн-угол/СМн-угол]: 
Команда: Задайте противоположный угол или [Линия/РМн-угол/СМн-угол]: 
Команда: Задайте противоположный угол или [Линия/РМн-угол/СМн-угол]: 
Команда: 
Команда: 
Команда: Задайте противоположный угол или [Линия/РМн-угол/СМн-угол]: 
Команда: 
Команда: Задайте противоположный угол или [Линия/РМн-угол/СМн-угол]: 
Команда: 
Команда: Задайте противоположный угол или [Линия/РМн-угол/СМн-угол]: 
Команда: Задайте противоположный угол или [Линия/РМн-угол/СМн-угол]: 
Команда: Задайте противоположный угол или [Линия/РМн-угол/СМн-угол]: 
Команда: Задайте противоположный угол или [Линия/РМн-угол/СМн-угол]: 
Команда: Задайте противоположный угол или [Линия/РМн-угол/СМн-угол]: 
Команда: Задайте противоположный угол или [Линия/РМн-угол/СМн-угол]: 
Команда: Задайте противоположный угол или [Линия/РМн-угол/СМн-угол]: 
Команда: Задайте противоположный угол или [Линия/РМн-угол/СМн-угол]: 
Команда: Задайте противоположный угол или [Линия/РМн-угол/СМн-угол]: 
Команда: Задайте противоположный угол или [Линия/РМн-угол/СМн-угол]: 
Команда: 
Команда: 
Команда: _copy найдено: 49

Текущая настройка:  Режим копирования  = Несколько
Базовая точка или [Смещение/реЖим] <Смещение>: 
Вторая точка или [Массив] <использовать для смещения первую точку>: 
Укажите вторую точку или [Массив/Выход/Отменить] <Выход>: *Прервано*

Размер откреплен.
Размер откреплен.
Команда: 
Команда: 
Команда: 
Команда: 
Команда: 
Команда: 
Команда: _move найдено: 4

Базовая точка или [Смещение] <Смещение>: 
Вторая точка или <считать смещением первую точку>: 
Команда: *Прервано*

Команда: 
Команда: *Прервано*

Команда: 
Команда: 
Команда: _line 
Первая точка: 
Следующая точка или [оТменить]: *Прервано*

Команда: 
Команда: 
Команда: _line 
Первая точка: 
Следующая точка или [оТменить]: *Прервано*

Команда: Задайте противоположный угол или [Линия/РМн-угол/СМн-угол]: 
Команда: 
Команда: 
Команда: _move найдено: 6

Базовая точка или [Смещение] <Смещение>: 
Вторая точка или <считать смещением первую точку>: 
Команда: *Прервано*

Команда: 
Команда: 
Команда: 
 
** РАСТЯГИВАНИЕ **
Точка растягивания или [Базовая точка/Копировать/ОТменить/выХод]: 
Команда: 
** РАСТЯНУТЬ **
Задайте точку для растяжения или [Базовая точка/Копировать/oТменить/выХод]:
Команда: *Прервано*

Команда: *Прервано*

Команда: 
Команда: 
Команда: _line 
Первая точка: 
Следующая точка или [оТменить]: *Прервано*

Команда: Задайте противоположный угол или [Линия/РМн-угол/СМн-угол]: 
Команда: Задайте противоположный угол или [Линия/РМн-угол/СМн-угол]: 
Команда: 
Команда: 
Команда: _move найдено: 5

Базовая точка или [Смещение] <Смещение>: 
Вторая точка или <считать смещением первую точку>: 
Команда: *Прервано*

Команда: Задайте противоположный угол или [Линия/РМн-угол/СМн-угол]: 
Команда: Задайте противоположный угол или [Линия/РМн-угол/СМн-угол]: 
Команда: 
Команда: 
 
** РАСТЯГИВАНИЕ **
Точка растягивания или [Базовая точка/Копировать/ОТменить/выХод]: 
Команда: Задайте противоположный угол или [Линия/РМн-угол/СМн-угол]: 
Команда: Задайте противоположный угол или [Линия/РМн-угол/СМн-угол]: 
Команда: Задайте противоположный угол или [Линия/РМн-угол/СМн-угол]: 
Команда: 
Команда: 
Команда: 
Команда: 
Команда: _copy найдено: 26

Текущая настройка:  Режим копирования  = Несколько
Базовая точка или [Смещение/реЖим] <Смещение>: 
Вторая точка или [Массив] <использовать для смещения первую точку>: 
Укажите вторую точку или [Массив/Выход/Отменить] <Выход>: *Прервано*

Команда: Задайте противоположный угол или [Линия/РМн-угол/СМн-угол]: 
Команда: МАСШТАБ
найдено: 26

Базовая точка: 
Масштаб или [Копия/Опорный отрезок]: 0.5

Команда: *Прервано*

Команда: Задайте противоположный угол или [Линия/РМн-угол/СМн-угол]: 
Команда: 
Команда: 
Команда: _copybase 
Базовая точка: найдено: 26

Команда: *Прервано*

Команда: 
Команда: 
Команда: _pasteblock Подстановка [simplex.shx] вместо [T-FLEX Type A].
Точка вставки: 
Команда: *Прервано*

Команда: Задайте противоположный угол или [Линия/РМн-угол/СМн-угол]: 
Команда: 
Команда: 
Команда: _cutclip найдено: 26

Команда: Задайте противоположный угол или [Линия/РМн-угол/СМн-угол]: *Прервано*

Команда: 
Команда: 
Команда: 
Команда: _rotate 
Текущие установки отсчета углов в ПСК:  ANGDIR=против ч/с  ANGBASE=0
найдено: 1

Базовая точка: 
Угол поворота или [Копия/Опорный угол] <270>: 
Команда: 
Команда: 
Команда: 
Команда: _move найдено: 1

Базовая точка или [Смещение] <Смещение>: 
Вторая точка или <считать смещением первую точку>: 
Команда: Задайте противоположный угол или [Линия/РМн-угол/СМн-угол]: 
Команда: 
Команда: 
Команда: _copy найдено: 2

Текущая настройка:  Режим копирования  = Несколько
Базовая точка или [Смещение/реЖим] <Смещение>: 
Вторая точка или [Массив] <использовать для смещения первую точку>: 
Укажите вторую точку или [Массив/Выход/Отменить] <Выход>: 
Укажите вторую точку или [Массив/Выход/Отменить] <Выход>: 
Укажите вторую точку или [Массив/Выход/Отменить] <Выход>: 
Укажите вторую точку или [Массив/Выход/Отменить] <Выход>: *Прервано*

Команда: 
Команда: 
Команда: 
Команда: _cutclip найдено: 1

Команда: Задайте противоположный угол или [Линия/РМн-угол/СМн-угол]: 
Команда: 
Команда: 
Команда: _cutclip найдено: 2

Команда: Задайте противоположный угол или [Линия/РМн-угол/СМн-угол]: 
Команда: 
Команда: 
Команда: _move найдено: 2

Базовая точка или [Смещение] <Смещение>: 
Вторая точка или <считать смещением первую точку>: 
Команда: *Прервано*

Команда: 
Команда: 
** РАСТЯНУТЬ **
Точка растягивания или [Базовая точка/Копировать/ОТменить/выХод]
Команда: 
** РАСТЯНУТЬ **
Точка растягивания или [Базовая точка/Копировать/ОТменить/выХод]
Команда: 
** РАСТЯНУТЬ **
Точка растягивания или [Базовая точка/Копировать/ОТменить/выХод]
Команда: 
** РАСТЯНУТЬ **
Точка растягивания или [Базовая точка/Копировать/ОТменить/выХод]
Команда: *Прервано*

Команда: 
Команда: 
Команда: 
Команда: _move найдено: 1

Базовая точка или [Смещение] <Смещение>: 
Вторая точка или <считать смещением первую точку>: 
Команда: *Прервано*

Команда: 
Команда: 
Команда: _qsave 
Команда: 
Команда: 
Команда: _qsave 
Команда: 
Автоматическое сохранение в C:\Users\user\AppData\Local\Temp\РД_1_30188_f406512e.sv$ ...

Команда: 
Команда: 
Команда: 
Команда: 
Команда: 
Автоматическое сохранение в C:\Users\user\AppData\Local\Temp\РД_1_30188_f406512e.sv$ ...

Команда: 
Команда: Задайте противоположный угол или [Линия/РМн-угол/СМн-угол]: *Прервано*

Команда: Задайте противоположный угол или [Линия/РМн-угол/СМн-угол]: 
Команда: Задайте противоположный угол или [Линия/РМн-угол/СМн-угол]: 
Команда: 
Команда: 
Команда: _copybase 
Базовая точка: найдено: 10

Команда: *Прервано*

Команда: 
Команда: 
Команда: _pasteblock Подстановка [simplex.shx] вместо [T-FLEX Type A].
Точка вставки: 
Команда: *Прервано*

Команда: 
Команда: Задайте противоположный угол или [Линия/РМн-угол/СМн-угол]: *Прервано*

Команда: *Прервано*

Команда: 
Команда: 
Команда: 
Команда: _explode найдено: 1

Команда: 
Команда: 
Команда: 
Команда: _mtedit 
Команда: *Прервано*

Команда: 
Команда: РЕГЕН
Выполняется регенерация модели.

Команда: 
Команда: 
Команда: _move найдено: 2

Базовая точка или [Смещение] <Смещение>: 
Вторая точка или <считать смещением первую точку>: *Прервано*

Команда: 
Команда: 
Команда: 
Команда: _move найдено: 1

Базовая точка или [Смещение] <Смещение>: 
Вторая точка или <считать смещением первую точку>: 
Команда: 
Команда: 
Команда: 
Команда: _move найдено: 1

Базовая точка или [Смещение] <Смещение>: 
Вторая точка или <считать смещением первую точку>: 
Команда: 
Команда: 
Команда: 
Команда: 
Команда: _move найдено: 2

Базовая точка или [Смещение] <Смещение>: 
Вторая точка или <считать смещением первую точку>: 
Команда: *Прервано*

Команда: Задайте противоположный угол или [Линия/РМн-угол/СМн-угол]: 
Команда: Задайте противоположный угол или [Линия/РМн-угол/СМн-угол]: 
Команда: 
Команда: 
Команда: _rotate 
Текущие установки отсчета углов в ПСК:  ANGDIR=против ч/с  ANGBASE=0
найдено: 10

Базовая точка: 
Угол поворота или [Копия/Опорный угол] <270>: 
Команда: Задайте противоположный угол или [Линия/РМн-угол/СМн-угол]: 
Команда: 
Команда: 
Команда: _move найдено: 10

Базовая точка или [Смещение] <Смещение>: 
Вторая точка или <считать смещением первую точку>: 
Команда: 
Команда: 
Команда: 
Команда: 
Команда: _properties 
Команда: 
Команда: 
Команда: 
Команда: _move найдено: 2

Базовая точка или [Смещение] <Смещение>: 
Вторая точка или <считать смещением первую точку>: 
Команда: 
Команда: 
Команда: 
Команда: _move найдено: 1

Базовая точка или [Смещение] <Смещение>: 
Вторая точка или <считать смещением первую точку>: 
Команда: 
Команда: *Прервано*

Команда: Задайте противоположный угол или [Линия/РМн-угол/СМн-угол]: 
Команда: Задайте противоположный угол или [Линия/РМн-угол/СМн-угол]: 
Команда: 
Команда: 
Команда: _move найдено: 10

Базовая точка или [Смещение] <Смещение>: 
Вторая точка или <считать смещением первую точку>: 
Команда: *Прервано*

Команда: Задайте противоположный угол или [Линия/РМн-угол/СМн-угол]: *Прервано*

Команда: Задайте противоположный угол или [Линия/РМн-угол/СМн-угол]: 
Команда: *Прервано*

Команда: 
Команда: 
Команда: _pasteclip Точка вставки: *Прервано*

Команда: 
Команда: 
Команда: _pasteblock Точка вставки: 
Команда: 
Команда: 
Команда: 
Команда: 
Команда: Задайте противоположный угол или [Линия/РМн-угол/СМн-угол]: 
Команда: *Прервано*

Команда: Задайте противоположный угол или [Линия/РМн-угол/СМн-угол]: 
Команда: *Прервано*

Команда: Задайте противоположный угол или [Линия/РМн-угол/СМн-угол]: 
Команда: *Прервано*

Команда: Задайте противоположный угол или [Линия/РМн-угол/СМн-угол]: 
Команда: *Прервано*

Команда: Задайте противоположный угол или [Линия/РМн-угол/СМн-угол]: 
Команда: *Прервано*

Команда: Задайте противоположный угол или [Линия/РМн-угол/СМн-угол]: 
Команда: *Прервано*

Команда: 
Команда: *Прервано*

Команда: 
Команда: 
Команда: Задайте противоположный угол или [Линия/РМн-угол/СМн-угол]: 
Команда: 
Команда: 
Команда: _copybase 
Базовая точка: найдено: 27

Команда: *Прервано*

Команда: 
Команда: 
Команда: 
Команда: _pasteclip Повторное определение блока _Oblique  пропущено.
Повторное определение блока основание осей 2  пропущено.
Подстановка [simplex.shx] вместо [T-FLEX Type A].
Точка вставки: 
Команда: *Прервано*

Команда: 
Команда: 
Команда: _line 
Первая точка: 
Следующая точка или [оТменить]: 
Следующая точка или [оТменить]: *Прервано*

Команда: Задайте противоположный угол или [Линия/РМн-угол/СМн-угол]: 
Команда: Задайте противоположный угол или [Линия/РМн-угол/СМн-угол]: 
Команда: Задайте противоположный угол или [Линия/РМн-угол/СМн-угол]: 
Команда: 
Команда: 
Команда: _move найдено: 6

Базовая точка или [Смещение] <Смещение>: 
Вторая точка или <считать смещением первую точку>: 
Команда: *Прервано*

Команда: Задайте противоположный угол или [Линия/РМн-угол/СМн-угол]: 
Команда: 
Команда: 
Команда: _cutclip найдено: 1

Команда: 
Команда: *Прервано*

Команда: 
Команда: 
Команда: _line 
Первая точка: 
Следующая точка или [оТменить]: 
Следующая точка или [оТменить]: *Прервано*

Команда: 
Команда: 
Команда: _rectang 
Укажите точку первого угла или [Фаска/Уровень/Сопряжение/Толщина/Ширина]: 
Укажите точку второго угла или [Площадь/Размеры/поВорот]: 
Команда: *Прервано*

Команда: 
Команда: 
Команда: 
Команда: _cutclip найдено: 1

Команда: 
Команда: '_matchprop 
Текущие активные настройки:  Цвет Слой Тип Лмасштаб Вес линий Прозрачность Толщина Стиль печати Размер Текст Штриховка Полилиния ВЭкран Таблица Материал Мультивыноска Центральный объект 

Выберите целевой объект(ы) или [Настройки]: *Прервано*

Команда: 
Команда: 
Команда: _move найдено: 1

Базовая точка или [Смещение] <Смещение>: *Прервано*

Команда: 
Команда: 
Команда: _trim 
Текущие параметры: проекция = ПСК, кромка = Нет, режим = Быстрый
Выбрать режущие кромки...найдено: 1

Выберите обрезаемый или удлиняемый объект (плюс SHIFT) либо [реЖущие кромки/Секрамка/Режим/Проекция/уДалить]: *Прервано*

Команда: 
Команда: 
Команда: _line 
Первая точка: 
Следующая точка или [оТменить]: 
Следующая точка или [оТменить]: *Прервано*

Команда: 
Команда: 
Команда: 
Команда: _trim 
Текущие параметры: проекция = ПСК, кромка = Нет, режим = Быстрый
Выбрать режущие кромки...найдено: 1

Выберите обрезаемый или удлиняемый объект (плюс SHIFT) либо [реЖущие кромки/Секрамка/Режим/Проекция/уДалить]: 

Выберите обрезаемый или удлиняемый объект (плюс SHIFT) либо [реЖущие кромки/Секрамка/Режим/Проекция/уДалить/Отменить]: 

Выберите обрезаемый или удлиняемый объект (плюс SHIFT) либо [реЖущие кромки/Секрамка/Режим/Проекция/уДалить/Отменить]: *Прервано*

Команда: 
Команда: 
Команда: 
Команда: _cutclip найдено: 1

Команда: 
Команда: 
Команда: _line 
Первая точка: *Прервано*

Команда: 
Команда: '_matchprop 
Текущие активные настройки:  Цвет Слой Тип Лмасштаб Вес линий Прозрачность Толщина Стиль печати Размер Текст Штриховка Полилиния ВЭкран Таблица Материал Мультивыноска Центральный объект 

Выберите целевой объект(ы) или [Настройки]: 

Выберите целевой объект(ы) или [Настройки]: *Прервано*

Команда: 
Команда: *Прервано*

Команда: 
Команда: 
Команда: 
Команда:   

Команда: *Прервано*

Команда: 
Команда: 
Команда: _line 
Первая точка: 
Следующая точка или [оТменить]: 
Следующая точка или [оТменить]: *Прервано*

Команда: 
Команда: 
Команда: _line 
Первая точка: 
Следующая точка или [оТменить]: 
Следующая точка или [оТменить]: *Прервано*

Команда: 
Команда: 
Команда: _line 
Первая точка: 
Следующая точка или [оТменить]: 
Следующая точка или [оТменить]: *Прервано*

Команда: 
Команда: 
Команда: _line 
Первая точка: 
Следующая точка или [оТменить]: 
Следующая точка или [оТменить]: *Прервано*

Команда: *Прервано*

Команда: 
Команда: 
Команда: 
Команда: _trim 
Текущие параметры: проекция = ПСК, кромка = Нет, режим = Быстрый
Выбрать режущие кромки...найдено: 1

Выберите обрезаемый или удлиняемый объект (плюс SHIFT) либо [реЖущие кромки/Секрамка/Режим/Проекция/уДалить]: 
Выберите обрезаемый или удлиняемый объект (плюс SHIFT) либо [реЖущие кромки/Секрамка/Режим/Проекция/уДалить/Отменить]: 
Укажите следующую точку линии выбора или [Отменить]: 
Укажите следующую точку линии выбора или [Отменить]: 
Укажите следующую точку линии выбора или [Отменить]: 
Укажите следующую точку линии выбора или [Отменить]: 

Выберите обрезаемый или удлиняемый объект (плюс SHIFT) либо [реЖущие кромки/Секрамка/Режим/Проекция/уДалить/Отменить]: *Прервано*

Команда: 
Команда: '_matchprop 
Текущие активные настройки:  Цвет Слой Тип Лмасштаб Вес линий Прозрачность Толщина Стиль печати Размер Текст Штриховка Полилиния ВЭкран Таблица Материал Мультивыноска Центральный объект 

Выберите целевой объект(ы) или [Настройки]: 

Выберите целевой объект(ы) или [Настройки]: 

Выберите целевой объект(ы) или [Настройки]: Противоположный угол: 
Выберите целевой объект(ы) или [Настройки]: 

Выберите целевой объект(ы) или [Настройки]: *Прервано*

Команда: 
Команда: *Прервано*

Команда: 
Команда: 
Команда: _line 
Первая точка: 
Следующая точка или [оТменить]: 
Следующая точка или [оТменить]: 
Следующая точка или [Замкнуть/Отменить]: 
Следующая точка или [Замкнуть/Отменить]: *Прервано*

Команда: Задайте противоположный угол или [Линия/РМн-угол/СМн-угол]: 
Команда: Задайте противоположный угол или [Линия/РМн-угол/СМн-угол]: 
Команда: 
Команда: 
Команда: _cutclip найдено: 3

Команда: 
Команда: 
** РАСТЯНУТЬ **
Задайте точку для растяжения или [Базовая точка/Копировать/oТменить/выХод]:*Прервано*

Команда: *Прервано*

Команда: 
Команда: 
Команда: _chamfer 
(Режим С ОБРЕЗКОЙ) Параметры фаски: Длина1 = 0.0000, Длина2 = 0.0000
Выберите первый отрезок или [оТменить/полИлиния/Длина/Угол/оБрезка/Метод/Несколько]: 
Выберите второй отрезок или нажмите клавишу Shift при выборе, чтобы создать угол, или [Расстояние/Угол/Метод]: 
Команда: *Прервано*

Команда: 
Команда: 
Команда: _chamfer 
(Режим С ОБРЕЗКОЙ) Параметры фаски: Длина1 = 0.0000, Длина2 = 0.0000
Выберите первый отрезок или [оТменить/полИлиния/Длина/Угол/оБрезка/Метод/Несколько]: 
Выберите второй отрезок или нажмите клавишу Shift при выборе, чтобы создать угол, или [Расстояние/Угол/Метод]: 
Команда: *Прервано*

Команда: Задайте противоположный угол или [Линия/РМн-угол/СМн-угол]: 
Команда: 
Команда: 
Команда: _cutclip найдено: 2

Команда: _u ВБУФЕР ГРУППА 
Команда: Задайте противоположный угол или [Линия/РМн-угол/СМн-угол]: 
Команда: 
Команда: 
Команда: _cutclip найдено: 2

Команда: 
Команда: 
Укажите местоположение точки или [Базовая точка/Отменить/выХод]: 
Команда: *Прервано*

Команда: Задайте противоположный угол или [Линия/РМн-угол/СМн-угол]: 
Команда: 
Команда: 
Команда: _copy найдено: 2

Текущая настройка:  Режим копирования  = Несколько
Базовая точка или [Смещение/реЖим] <Смещение>: 
Вторая точка или [Массив] <использовать для смещения первую точку>: 
Укажите вторую точку или [Массив/Выход/Отменить] <Выход>: *Прервано*

Команда: Задайте противоположный угол или [Линия/РМн-угол/СМн-угол]: *Прервано*

Команда: 
Команда: 
 
** РАСТЯГИВАНИЕ **
Точка растягивания или [Базовая точка/Копировать/ОТменить/выХод]: 
Команда: 
 
** РАСТЯГИВАНИЕ **
Точка растягивания или [Базовая точка/Копировать/ОТменить/выХод]: 
Команда: *Прервано*

Команда: 
Команда: 
Команда: _line 
Первая точка: 
Следующая точка или [оТменить]: 
Следующая точка или [оТменить]: *Прервано*

Команда: 
Команда: '_matchprop 
Текущие активные настройки:  Цвет Слой Тип Лмасштаб Вес линий Прозрачность Толщина Стиль печати Размер Текст Штриховка Полилиния ВЭкран Таблица Материал Мультивыноска Центральный объект 

Выберите целевой объект(ы) или [Настройки]: 

Выберите целевой объект(ы) или [Настройки]: *Прервано*

Команда: 
Команда: 
Команда: _chamfer 
(Режим С ОБРЕЗКОЙ) Параметры фаски: Длина1 = 0.0000, Длина2 = 0.0000
Выберите первый отрезок или [оТменить/полИлиния/Длина/Угол/оБрезка/Метод/Несколько]: 
Выберите второй отрезок или нажмите клавишу Shift при выборе, чтобы создать угол, или [Расстояние/Угол/Метод]: 
Команда: 
Команда: 
Команда: _chamfer 
(Режим С ОБРЕЗКОЙ) Параметры фаски: Длина1 = 0.0000, Длина2 = 0.0000
Выберите первый отрезок или [оТменить/полИлиния/Длина/Угол/оБрезка/Метод/Несколько]: 
Выберите второй отрезок или нажмите клавишу Shift при выборе, чтобы создать угол, или [Расстояние/Угол/Метод]: 
Команда: *Прервано*

Команда: 
Команда: 
Команда: 
Команда: _eattedit 
Выберите блок: 124507.290358,-59819.689531,0.000000 
Команда: *Прервано*

Команда: 
Команда: 
Команда: _hatch 
Укажите внутреннюю точку или [Выбрать объекты/Отменить/Параметры]: Выбор всех объектов...
Выбираются все видимые объекты...
Анализ выбранных данных...

Анализ внутренних островков...

Укажите внутреннюю точку или [Выбрать объекты/Отменить/Параметры]: 

Команда: 
Команда: '_matchprop 
Текущие активные настройки:  Цвет Слой Тип Лмасштаб Вес линий Прозрачность Толщина Стиль печати Размер Текст Штриховка Полилиния ВЭкран Таблица Материал Мультивыноска Центральный объект 

Выберите целевой объект(ы) или [Настройки]: 

Выберите целевой объект(ы) или [Настройки]: *Прервано*

Команда: *Прервано*

Команда: 
Команда: 
Команда: _line 
Первая точка: 
Следующая точка или [оТменить]: 3850

Следующая точка или [оТменить]: 
Следующая точка или [Замкнуть/Отменить]: *Прервано*

Команда: Задайте противоположный угол или [Линия/РМн-угол/СМн-угол]: 
Команда: Задайте противоположный угол или [Линия/РМн-угол/СМн-угол]: 
Команда: Задайте противоположный угол или [Линия/РМн-угол/СМн-угол]: 
Команда: 
Команда: 
Команда: _copy найдено: 9

Текущая настройка:  Режим копирования  = Несколько
Базовая точка или [Смещение/реЖим] <Смещение>: 
Вторая точка или [Массив] <использовать для смещения первую точку>: 
Укажите вторую точку или [Массив/Выход/Отменить] <Выход>: *Прервано*

Команда: 
Команда: Задайте противоположный угол или [Линия/РМн-угол/СМн-угол]: 
Команда: Задайте противоположный угол или [Линия/РМн-угол/СМн-угол]: 
Команда: 
Команда: 
Команда: _cutclip найдено: 2

Команда: 
Команда: 
Команда: _dimlinear 
Начало первой выносной линии или <выбрать объект>: 
Начало второй выносной линии: 
Положение размерной линии или 
[Мтекст/Текст/Угол/Горизонтальный/Вертикальный/Повернутый]: 
Размерный текст = 1000
Команда: 
Команда: '_matchprop 
Текущие активные настройки:  Цвет Слой Тип Лмасштаб Вес линий Прозрачность Толщина Стиль печати Размер Текст Штриховка Полилиния ВЭкран Таблица Материал Мультивыноска Центральный объект 

Выберите целевой объект(ы) или [Настройки]: 

Выберите целевой объект(ы) или [Настройки]: *Прервано*

Команда: 
Команда: 
 
** РАСТЯГИВАНИЕ **
Точка растягивания или [Базовая точка/Копировать/ОТменить/выХод]: 
Команда: 
Команда: 
 
** РАСТЯГИВАНИЕ **
Точка растягивания или [Базовая точка/Копировать/ОТменить/выХод]: 
Команда: 
** РАСТЯНУТЬ **
Задайте точку для растяжения или [Базовая точка/Копировать/oТменить/выХод]:
Команда: *Прервано*

Команда: 
Команда: *Прервано*

Команда: 
Команда: *Прервано*

Команда: 
Команда: 
** РАСТЯНУТЬ **
Задайте точку для растяжения или [Базовая точка/Копировать/oТменить/выХод]:
Команда: *Прервано*

Команда: Задайте противоположный угол или [Линия/РМн-угол/СМн-угол]: 
Команда: *Прервано*

Команда: Задайте противоположный угол или [Линия/РМн-угол/СМн-угол]: 
Команда: 
Команда: 
Команда: _copy найдено: 2

Текущая настройка:  Режим копирования  = Несколько
Базовая точка или [Смещение/реЖим] <Смещение>: *Прервано*

Команда: Задайте противоположный угол или [Линия/РМн-угол/СМн-угол]: 
Команда: 
Команда: 
Команда: _copy найдено: 2

Текущая настройка:  Режим копирования  = Несколько
Базовая точка или [Смещение/реЖим] <Смещение>: 
Вторая точка или [Массив] <использовать для смещения первую точку>: 
Укажите вторую точку или [Массив/Выход/Отменить] <Выход>: *Прервано*

Команда: Задайте противоположный угол или [Линия/РМн-угол/СМн-угол]: 
Команда: 
Команда: 
Команда: _move найдено: 2

Базовая точка или [Смещение] <Смещение>: 
Вторая точка или <считать смещением первую точку>: 
Команда: 
Команда: 
Команда: 
Команда: _mtedit 
Команда: *Прервано*

Команда: 
Команда: 
Команда: 
Команда: _mtedit 
Команда: *Прервано*

Команда: Задайте противоположный угол или [Линия/РМн-угол/СМн-угол]: 
Команда: 
Команда: 
Команда: _copy найдено: 2

Текущая настройка:  Режим копирования  = Несколько
Базовая точка или [Смещение/реЖим] <Смещение>: 
Вторая точка или [Массив] <использовать для смещения первую точку>: 
Укажите вторую точку или [Массив/Выход/Отменить] <Выход>: *Прервано*

Команда: Задайте противоположный угол или [Линия/РМн-угол/СМн-угол]: 
Команда: МАСШТАБ
найдено: 2

Базовая точка: 
Масштаб или [Копия/Опорный отрезок]: 2

Команда: *Прервано*

Команда: Задайте противоположный угол или [Линия/РМн-угол/СМн-угол]: 
Команда: 
Команда: 
Команда: _move найдено: 2

Базовая точка или [Смещение] <Смещение>: 
Вторая точка или <считать смещением первую точку>: 
Команда: 
** РАСТЯНУТЬ **
Задайте точку для операции растяжения:
Команда: *Прервано*

Команда: Задайте противоположный угол или [Линия/РМн-угол/СМн-угол]: 
Команда: *Прервано*

Команда: 
Команда: 
Команда: 
Команда: 
Команда: *Прервано*

Команда: Задайте противоположный угол или [Линия/РМн-угол/СМн-угол]: 
Команда: 
Команда: 
Команда: _move найдено: 2

Базовая точка или [Смещение] <Смещение>: 
Вторая точка или <считать смещением первую точку>: 
Команда: Задайте противоположный угол или [Линия/РМн-угол/СМн-угол]: 
Команда: 
Команда: 
Команда: _move найдено: 2

Базовая точка или [Смещение] <Смещение>: 
Вторая точка или <считать смещением первую точку>: 
Команда: *Прервано*

Команда: Задайте противоположный угол или [Линия/РМн-угол/СМн-угол]: 
Команда: 
Команда: 
Команда:   
Команда: Задайте противоположный угол или [Линия/РМн-угол/СМн-угол]: *Прервано*

Команда: Задайте противоположный угол или [Линия/РМн-угол/СМн-угол]: 
Команда: 
Команда: 
Команда: _mirror найдено: 1
Первая точка оси отражения: 
Вторая точка оси отражения: 
Удалить исходные объекты? [Да/Нет] <Нет>: Д

Команда: 
Команда: 
Команда: 
Команда: _explode найдено: 1

Команда: Задайте противоположный угол или [Линия/РМн-угол/СМн-угол]: 
Команда: 
Команда: 
Команда: _move найдено: 10

Базовая точка или [Смещение] <Смещение>: 
Вторая точка или <считать смещением первую точку>: 
Команда: Задайте противоположный угол или [Линия/РМн-угол/СМн-угол]: 
Команда: 
Команда: 
Команда: _move найдено: 5

Базовая точка или [Смещение] <Смещение>: 
Вторая точка или <считать смещением первую точку>: 
Команда: Задайте противоположный угол или [Линия/РМн-угол/СМн-угол]: 
Команда: 
Команда: 
Команда: _move найдено: 5

Базовая точка или [Смещение] <Смещение>: 
Вторая точка или <считать смещением первую точку>: 
Команда: *Прервано*

Команда: 
Команда: 
Команда: 
Команда: _mtedit 
Команда: *Прервано*

Команда: 
Команда: 
Команда: 
Команда: _move найдено: 1

Базовая точка или [Смещение] <Смещение>: 
Вторая точка или <считать смещением первую точку>: 
Команда: 
Команда: 
Команда: 
Команда: _mtedit 
Команда: РЕГЕН
Выполняется регенерация модели.

Команда: Задайте противоположный угол или [Линия/РМн-угол/СМн-угол]: 
Команда: 
Команда: 
Команда: _move найдено: 1

Базовая точка или [Смещение] <Смещение>: 
Вторая точка или <считать смещением первую точку>: 
Команда: *Прервано*

Команда: 
Команда: 
Команда: 
Команда: _copy найдено: 1

Текущая настройка:  Режим копирования  = Несколько
Базовая точка или [Смещение/реЖим] <Смещение>: 
Вторая точка или [Массив] <использовать для смещения первую точку>: 
Укажите вторую точку или [Массив/Выход/Отменить] <Выход>: *Прервано*

Команда: 
Команда: 
Команда: 
Команда: _mtedit 
Команда: *Прервано*

Команда: 
Команда: 
Команда: 
Команда: _move найдено: 1

Базовая точка или [Смещение] <Смещение>: 
Вторая точка или <считать смещением первую точку>: 
Команда: 
Команда: 
Команда: _rectang 
Укажите точку первого угла или [Фаска/Уровень/Сопряжение/Толщина/Ширина]: 
Укажите точку второго угла или [Площадь/Размеры/поВорот]: 
Команда: Задайте противоположный угол или [Линия/РМн-угол/СМн-угол]: 
Команда: 
Команда: 
Команда: _copy найдено: 2

Текущая настройка:  Режим копирования  = Несколько
Базовая точка или [Смещение/реЖим] <Смещение>: 
Вторая точка или [Массив] <использовать для смещения первую точку>: 
Укажите вторую точку или [Массив/Выход/Отменить] <Выход>: *Прервано*

Размер откреплен.
Команда: 
Команда: 
** УДАЛИТЬ ВЫНОСКУ **
 Выберите для удаления выноски:
Команда: 
** УДАЛИТЬ ВЫНОСКУ **
 Выберите для удаления выноски:
Команда: 
** РАСТЯНУТЬ **
Точка растягивания или [Базовая точка/Копировать/ОТменить/выХод]
Команда: 
Команда: *Прервано*

Команда: 
Команда: 
** РАСТЯНУТЬ **
Точка растягивания или [Базовая точка/Копировать/ОТменить/выХод]
Команда: *Прервано*

Команда: 
Команда: 
Команда: _rectang 
Укажите точку первого угла или [Фаска/Уровень/Сопряжение/Толщина/Ширина]: 
Укажите точку второго угла или [Площадь/Размеры/поВорот]: 
Команда: Задайте противоположный угол или [Линия/РМн-угол/СМн-угол]: 
Команда: 
Команда: 
Команда: _move найдено: 2

Базовая точка или [Смещение] <Смещение>: *Прервано*

Команда: Задайте противоположный угол или [Линия/РМн-угол/СМн-угол]: 
Команда: 
Команда: 
Команда: _move найдено: 2

Базовая точка или [Смещение] <Смещение>: 
Вторая точка или <считать смещением первую точку>: 
Команда: *Прервано*

Команда: 
Команда: 
Команда: 
Команда: _move найдено: 1

Базовая точка или [Смещение] <Смещение>: 
Вторая точка или <считать смещением первую точку>: 
Команда: *Прервано*

Команда: 
Команда: *Прервано*

Команда: 
Команда: *Прервано*

Команда: 
Автоматическое сохранение в C:\Users\user\AppData\Local\Temp\РД_1_30188_f406512e.sv$ ...

Команда: 
Команда: Задайте противоположный угол или [Линия/РМн-угол/СМн-угол]: 
Команда: 
Команда: 
Команда: _copy найдено: 2

Текущая настройка:  Режим копирования  = Несколько
Базовая точка или [Смещение/реЖим] <Смещение>: 
Вторая точка или [Массив] <использовать для смещения первую точку>: 
Укажите вторую точку или [Массив/Выход/Отменить] <Выход>: *Прервано*

Команда: Задайте противоположный угол или [Линия/РМн-угол/СМн-угол]: 
Команда: *Прервано*

Команда: Задайте противоположный угол или [Линия/РМн-угол/СМн-угол]: 
Команда: 
Команда: 
Команда: _copy найдено: 2

Текущая настройка:  Режим копирования  = Несколько
Базовая точка или [Смещение/реЖим] <Смещение>: 
Вторая точка или [Массив] <использовать для смещения первую точку>: 
Укажите вторую точку или [Массив/Выход/Отменить] <Выход>: *Прервано*

Команда: Задайте противоположный угол или [Линия/РМн-угол/СМн-угол]: 
Команда: МАСШТАБ
найдено: 2

Базовая точка: 
Масштаб или [Копия/Опорный отрезок]: 0.5

Команда: *Прервано*

Команда: Задайте противоположный угол или [Линия/РМн-угол/СМн-угол]: 
Команда: 
Команда: 
Команда: _SelectSimilar 
Команда: 
Команда: 
Команда: _IsolateObjects найдено: 2529

Размер откреплен.
Размер откреплен.
Размер откреплен.
Размер откреплен.
Команда: 
Команда: 
Команда: 
Команда: _addselected _.pline 
Начальная точка: *Прервано*

Команда: 
Команда: 
Команда: 
Команда: _SelectSimilar 
Команда: 
Команда: 
Команда: _IsolateObjects найдено: 73

Команда: 
Команда: '_matchprop 
Текущие активные настройки:  Цвет Слой Тип Лмасштаб Вес линий Прозрачность Толщина Стиль печати Размер Текст Штриховка Полилиния ВЭкран Таблица Материал Мультивыноска Центральный объект 

Выберите целевой объект(ы) или [Настройки]: 

Выберите целевой объект(ы) или [Настройки]: Противоположный угол: 

Выберите целевой объект(ы) или [Настройки]: Противоположный угол: 

Выберите целевой объект(ы) или [Настройки]: *Прервано*

Команда: *Прервано*

Команда: 
Команда: 
Команда: _UnIsolateObjects 
Отмена изолирования для объектов: 42011.

Команда: Задайте противоположный угол или [Линия/РМн-угол/СМн-угол]: 
Команда: 
Команда: 
Команда: _cutclip найдено: 2

Команда: Задайте противоположный угол или [Линия/РМн-угол/СМн-угол]: 
Команда: ПОВ
ПОВЕРНУТЬ 
Текущие установки отсчета углов в ПСК:  ANGDIR=против ч/с  ANGBASE=0
найдено: 2

Базовая точка: 
Угол поворота или [Копия/Опорный угол] <90>: 
Команда: Задайте противоположный угол или [Линия/РМн-угол/СМн-угол]: 
Команда: 
Команда: 
Команда: _move найдено: 2

Базовая точка или [Смещение] <Смещение>: 
Вторая точка или <считать смещением первую точку>: 
Команда: 
Команда: *Прервано*

Команда: Задайте противоположный угол или [Линия/РМн-угол/СМн-угол]: 
Команда: 
Команда: 
Команда: _copy найдено: 2

Текущая настройка:  Режим копирования  = Несколько
Базовая точка или [Смещение/реЖим] <Смещение>: 
Вторая точка или [Массив] <использовать для смещения первую точку>: 
Укажите вторую точку или [Массив/Выход/Отменить] <Выход>: *Прервано*

Команда: 
Команда:  
Команда: *Прервано*

Команда: 
Команда:  
Команда: *Прервано*

Команда: Задайте противоположный угол или [Линия/РМн-угол/СМн-угол]: *Прервано*

Команда: 
Команда:  
Команда: 
Команда: 
** РАСТЯНУТЬ **
Точка растягивания или [Базовая точка/Копировать/ОТменить/выХод]
Команда: 
** УДАЛИТЬ ВЫНОСКУ **
 Выберите для удаления выноски:
Команда: 
** УДАЛИТЬ ВЫНОСКУ **
 Выберите для удаления выноски:
Команда: 
** РАСТЯНУТЬ **
Точка растягивания или [Базовая точка/Копировать/ОТменить/выХод]
Команда: 
** РАСТЯНУТЬ **
Точка растягивания или [Базовая точка/Копировать/ОТменить/выХод]
Команда: *Прервано*

Команда: 
Команда: 
Команда: 
Команда: _move найдено: 1

Базовая точка или [Смещение] <Смещение>: 
Вторая точка или <считать смещением первую точку>: 
Команда: *Прервано*

Команда: Задайте противоположный угол или [Линия/РМн-угол/СМн-угол]: 
Команда: Задайте противоположный угол или [Линия/РМн-угол/СМн-угол]: 
Команда: 
Команда: 
Команда: _copybase 
Базовая точка: найдено: 10

Команда: *Прервано*

Команда: 
Команда: 
Команда: _pasteclip Подстановка [simplex.shx] вместо [T-FLEX Type A].
Точка вставки: 
Команда: *Прервано*

Команда: Задайте противоположный угол или [Линия/РМн-угол/СМн-угол]: 
Команда: 
Команда: 
Команда: _move найдено: 5

Базовая точка или [Смещение] <Смещение>: 
Вторая точка или <считать смещением первую точку>: 
Команда: Задайте противоположный угол или [Линия/РМн-угол/СМн-угол]: 
Команда: 
Команда: 
Команда: _move найдено: 5

Базовая точка или [Смещение] <Смещение>: 
Вторая точка или <считать смещением первую точку>: 
Команда: *Прервано*

Команда: 
Команда: 
 
** РАСТЯГИВАНИЕ **
Точка растягивания или [Базовая точка/Копировать/ОТменить/выХод]: *Прервано*

Команда: 
** РАСТЯНУТЬ **
Точка растягивания или [Базовая точка/Копировать/ОТменить/выХод]
Команда: *Прервано*

Команда: 
Команда: 
Команда: 
Команда: _cutclip найдено: 1

Команда: Задайте противоположный угол или [Линия/РМн-угол/СМн-угол]: 
Команда: 
Команда: 
Команда: _move найдено: 5

Базовая точка или [Смещение] <Смещение>: 
Вторая точка или <считать смещением первую точку>: 
Команда: Задайте противоположный угол или [Линия/РМн-угол/СМн-угол]: 
Команда: *Прервано*

Команда: 
Команда: 
** РАСТЯНУТЬ **
Точка растягивания или [Базовая точка/Копировать/ОТменить/выХод]
Команда: *Прервано*

Команда: 
Команда: 
Команда: 
Команда: _move найдено: 1

Базовая точка или [Смещение] <Смещение>: 
Вторая точка или <считать смещением первую точку>: 
Команда: 
Команда: *Прервано*

Команда: Задайте противоположный угол или [Линия/РМн-угол/СМн-угол]: 
Команда: *Прервано*

Команда: 
Команда: *Прервано*

Команда: 
Команда: 
Команда: _line 
Первая точка: 
Следующая точка или [оТменить]: 900

Следующая точка или [оТменить]: *Прервано*

Команда: Противоположный угол: 
Команда: *Прервано*

Команда: 
Команда: *Прервано*

Команда: Задайте противоположный угол или [Линия/РМн-угол/СМн-угол]: *Прервано*

Команда: Задайте противоположный угол или [Линия/РМн-угол/СМн-угол]: *Прервано*

Команда: 
Команда: 
Команда: _line 
Первая точка: 
Следующая точка или [оТменить]: 
Следующая точка или [оТменить]: *Прервано*

Команда: Задайте противоположный угол или [Линия/РМн-угол/СМн-угол]: 
Команда: 
Команда: 
Команда: _move найдено: 1

Базовая точка или [Смещение] <Смещение>: 
Вторая точка или <считать смещением первую точку>: 
Команда: *Прервано*

Команда: 
Команда: 
Команда: 
Команда: _move найдено: 1

Базовая точка или [Смещение] <Смещение>: 
Вторая точка или <считать смещением первую точку>: 
Команда: *Прервано*

Команда: Задайте противоположный угол или [Линия/РМн-угол/СМн-угол]: 
Команда: 
Команда: 
Команда: _cutclip найдено: 1

Команда: 
Команда: 
Команда: _cutclip найдено: 1

Команда: Противоположный угол: 
Команда: 
** РАСТЯНУТЬ **
Задайте точку для растяжения или [Базовая точка/Копировать/oТменить/выХод]:
Команда: 
Команда: Задайте противоположный угол или [Линия/РМн-угол/СМн-угол]: 
Команда: Задайте противоположный угол или [Линия/РМн-угол/СМн-угол]: 
Команда: 
 
** РАСТЯГИВАНИЕ **
Точка растягивания или [Базовая точка/Копировать/ОТменить/выХод]: 
Команда: *Прервано*

Команда: 
Команда: 
** РАСТЯНУТЬ **
Точка растягивания или [Базовая точка/Копировать/ОТменить/выХод]
Команда: *Прервано*

Команда: 
** РАСТЯНУТЬ **
Задайте точку для растяжения или [Базовая точка/Копировать/oТменить/выХод]:
Команда: *Прервано*

Команда: Задайте противоположный угол или [Линия/РМн-угол/СМн-угол]: 
Команда: 
Команда: 
Команда: _move найдено: 6

Базовая точка или [Смещение] <Смещение>: 
Вторая точка или <считать смещением первую точку>: 
Команда: *Прервано*

Команда: 
Команда: 
** РАСТЯНУТЬ **
Точка растягивания или [Базовая точка/Копировать/ОТменить/выХод]
Команда: *Прервано*

Команда: 
Команда: 
** РАСТЯНУТЬ **
Задайте точку для операции растяжения:
Команда: *Прервано*

Команда: 
Команда: 
Команда: _line 
Первая точка: 
Следующая точка или [оТменить]: *Прервано*

Команда: 
** РАСТЯНУТЬ **
Задайте точку для операции растяжения:50

Команда: *Прервано*

Команда: 
Команда: 
Команда: _line 
Первая точка: 
Следующая точка или [оТменить]: 3850

Следующая точка или [оТменить]: 
Следующая точка или [Замкнуть/Отменить]: *Прервано*

Команда: Задайте противоположный угол или [Линия/РМн-угол/СМн-угол]: 
Команда: 
Команда: 
Команда: 
Команда: 
Команда: 
Команда: 
Команда: _copy найдено: 10

Текущая настройка:  Режим копирования  = Несколько
Базовая точка или [Смещение/реЖим] <Смещение>: 
Вторая точка или [Массив] <использовать для смещения первую точку>: 
Укажите вторую точку или [Массив/Выход/Отменить] <Выход>: *Прервано*

Команда: 
Команда: 
Команда: 
Команда: 
Команда: _cutclip найдено: 2

Команда: 
Команда: *Прервано*

Команда: Задайте противоположный угол или [Линия/РМн-угол/СМн-угол]: *Прервано*

Команда: 
Команда: 
 
** РАСТЯГИВАНИЕ **
Точка растягивания или [Базовая точка/Копировать/ОТменить/выХод]: 
Команда: *Прервано*

Команда: 
Команда: 
Команда: 
Команда: _copy найдено: 1

Текущая настройка:  Режим копирования  = Несколько
Базовая точка или [Смещение/реЖим] <Смещение>: 
Вторая точка или [Массив] <использовать для смещения первую точку>: 
Укажите вторую точку или [Массив/Выход/Отменить] <Выход>: *Прервано*

Размер откреплен.
Команда: 
Команда: 
 
** РАСТЯГИВАНИЕ **
Точка растягивания или [Базовая точка/Копировать/ОТменить/выХод]: 
Команда: 
** РАСТЯНУТЬ **
Задайте точку для растяжения или [Базовая точка/Копировать/oТменить/выХод]:
Команда: *Прервано*

Команда: *Прервано*

Команда: Задайте противоположный угол или [Линия/РМн-угол/СМн-угол]: 
Команда: Задайте противоположный угол или [Линия/РМн-угол/СМн-угол]: 
Команда: 
Команда: 
Команда: _mirror найдено: 6
Первая точка оси отражения: 
Вторая точка оси отражения: 
Удалить исходные объекты? [Да/Нет] <Нет>: Д

Команда: Задайте противоположный угол или [Линия/РМн-угол/СМн-угол]: 
Команда: Задайте противоположный угол или [Линия/РМн-угол/СМн-угол]: 
Команда: 
Команда: 
Команда: _move найдено: 2

Базовая точка или [Смещение] <Смещение>: 
Вторая точка или <считать смещением первую точку>: 
Команда: *Прервано*

Команда: 
Команда: 
Команда: 
Команда: _move найдено: 1

Базовая точка или [Смещение] <Смещение>: 
Вторая точка или <считать смещением первую точку>: 
Команда: 
Команда: 
Команда: 
Команда: _move найдено: 1

Базовая точка или [Смещение] <Смещение>: 
Вторая точка или <считать смещением первую точку>: 
Команда: *Прервано*

Команда: Задайте противоположный угол или [Линия/РМн-угол/СМн-угол]: 
Команда: 
Команда: 
Команда: _cutclip найдено: 5

Команда: Задайте противоположный угол или [Линия/РМн-угол/СМн-угол]: 
Команда: 
Команда: 
Команда: _cutclip найдено: 5

Команда: Задайте противоположный угол или [Линия/РМн-угол/СМн-угол]: 
Команда: Задайте противоположный угол или [Линия/РМн-угол/СМн-угол]: 
Команда: 
Команда: 
Команда: _copy найдено: 10

Текущая настройка:  Режим копирования  = Несколько
Базовая точка или [Смещение/реЖим] <Смещение>: 
Вторая точка или [Массив] <использовать для смещения первую точку>: 
Укажите вторую точку или [Массив/Выход/Отменить] <Выход>: *Прервано*

Команда: Задайте противоположный угол или [Линия/РМн-угол/СМн-угол]: 
Команда: 
Команда: 
Команда: _copy найдено: 2

Текущая настройка:  Режим копирования  = Несколько
Базовая точка или [Смещение/реЖим] <Смещение>: 
Вторая точка или [Массив] <использовать для смещения первую точку>: 
Укажите вторую точку или [Массив/Выход/Отменить] <Выход>: *Прервано*

Команда: 
Команда: 
** РАСТЯНУТЬ **
Точка растягивания или [Базовая точка/Копировать/ОТменить/выХод]
Команда: *Прервано*

Команда: Задайте противоположный угол или [Линия/РМн-угол/СМн-угол]: 
Команда: 
Команда: 
Команда: _copy найдено: 2

Текущая настройка:  Режим копирования  = Несколько
Базовая точка или [Смещение/реЖим] <Смещение>: 
Вторая точка или [Массив] <использовать для смещения первую точку>: 
Укажите вторую точку или [Массив/Выход/Отменить] <Выход>: *Прервано*

Команда: Задайте противоположный угол или [Линия/РМн-угол/СМн-угол]: 
Команда: 
Команда: 
Команда: _mirror найдено: 2
Первая точка оси отражения: 
Вторая точка оси отражения: 
Удалить исходные объекты? [Да/Нет] <Нет>: Д

Команда: Задайте противоположный угол или [Линия/РМн-угол/СМн-угол]: 
Команда: 
Команда: 
Команда: _move найдено: 2

Базовая точка или [Смещение] <Смещение>: 
Вторая точка или <считать смещением первую точку>: 
Команда: *Прервано*

Команда: Задайте противоположный угол или [Линия/РМн-угол/СМн-угол]: *Прервано*

Команда: 
Команда: 
Команда: 
Команда: _move найдено: 1

Базовая точка или [Смещение] <Смещение>: 
Вторая точка или <считать смещением первую точку>: *Прервано*

Команда: 
Команда: 
** РАСТЯНУТЬ **
Точка растягивания или [Базовая точка/Копировать/ОТменить/выХод]
Команда: *Прервано*

Команда: Задайте противоположный угол или [Линия/РМн-угол/СМн-угол]: 
Команда: 
Команда: 
Команда: _move найдено: 1

Базовая точка или [Смещение] <Смещение>: 
Вторая точка или <считать смещением первую точку>: 
Команда: *Прервано*

Команда: 
Команда: 
Команда: 
Команда: _copy найдено: 1

Текущая настройка:  Режим копирования  = Несколько
Базовая точка или [Смещение/реЖим] <Смещение>: 
Вторая точка или [Массив] <использовать для смещения первую точку>: 
Укажите вторую точку или [Массив/Выход/Отменить] <Выход>: *Прервано*

Команда: 
Команда: 
** РАСТЯНУТЬ **
Точка растягивания или [Базовая точка/Копировать/ОТменить/выХод]
Команда: *Прервано*

Команда: 
Команда: 
** УДАЛИТЬ ВЫНОСКУ **
 Выберите для удаления выноски:
Команда: *Прервано*

Команда: Задайте противоположный угол или [Линия/РМн-угол/СМн-угол]: *Прервано*

Команда: Задайте противоположный угол или [Линия/РМн-угол/СМн-угол]: 
Команда: Задайте противоположный угол или [Линия/РМн-угол/СМн-угол]: 
Команда: Задайте противоположный угол или [Линия/РМн-угол/СМн-угол]: 
Команда: 
Команда: 
Команда: _move найдено: 89

Базовая точка или [Смещение] <Смещение>: 
Вторая точка или <считать смещением первую точку>:  <Привязка откл>  
>>Новое значение ORTHOMODE <0>:  
Возобновляется команда ПЕРЕНЕСТИ.

Вторая точка или <считать смещением первую точку>: 
Команда: 
Команда: 
Команда: _qsave 
Команда: Задайте противоположный угол или [Линия/РМн-угол/СМн-угол]: 
Команда: Задайте противоположный угол или [Линия/РМн-угол/СМн-угол]: 
Команда: Задайте противоположный угол или [Линия/РМн-угол/СМн-угол]: 
Команда: Задайте противоположный угол или [Линия/РМн-угол/СМн-угол]: 
Команда: Задайте противоположный угол или [Линия/РМн-угол/СМн-угол]: 
Команда: Задайте противоположный угол или [Линия/РМн-угол/СМн-угол]: 
Команда: Задайте противоположный угол или [Линия/РМн-угол/СМн-угол]: 
Команда: 
Команда: 
Команда: _copy найдено: 13

Текущая настройка:  Режим копирования  = Несколько
Базовая точка или [Смещение/реЖим] <Смещение>: 
Вторая точка или [Массив] <использовать для смещения первую точку>: 
Укажите вторую точку или [Массив/Выход/Отменить] <Выход>: *Прервано*

Команда: 
Команда: 
Команда: _rectang 
Укажите точку первого угла или [Фаска/Уровень/Сопряжение/Толщина/Ширина]: 
Укажите точку второго угла или [Площадь/Размеры/поВорот]: 
Команда:  ПРЯМОУГОЛЬНИК

Укажите точку первого угла или [Фаска/Уровень/Сопряжение/Толщина/Ширина]: 
Укажите точку второго угла или [Площадь/Размеры/поВорот]: 
Команда:  ПРЯМОУГОЛЬНИК

Укажите точку первого угла или [Фаска/Уровень/Сопряжение/Толщина/Ширина]: 
Укажите точку второго угла или [Площадь/Размеры/поВорот]: 
Команда:  ПРЯМОУГОЛЬНИК

Укажите точку первого угла или [Фаска/Уровень/Сопряжение/Толщина/Ширина]: 
Укажите точку второго угла или [Площадь/Размеры/поВорот]: 
Команда:  ПРЯМОУГОЛЬНИК

Укажите точку первого угла или [Фаска/Уровень/Сопряжение/Толщина/Ширина]: 
Укажите точку второго угла или [Площадь/Размеры/поВорот]: 
Команда:  ПРЯМОУГОЛЬНИК

Укажите точку первого угла или [Фаска/Уровень/Сопряжение/Толщина/Ширина]: 
Укажите точку второго угла или [Площадь/Размеры/поВорот]: 
Команда:  ПРЯМОУГОЛЬНИК

Укажите точку первого угла или [Фаска/Уровень/Сопряжение/Толщина/Ширина]: 
Укажите точку второго угла или [Площадь/Размеры/поВорот]: 
Команда:  ПРЯМОУГОЛЬНИК

Укажите точку первого угла или [Фаска/Уровень/Сопряжение/Толщина/Ширина]: 
Укажите точку второго угла или [Площадь/Размеры/поВорот]: 
Команда:  ПРЯМОУГОЛЬНИК

Укажите точку первого угла или [Фаска/Уровень/Сопряжение/Толщина/Ширина]: 
Укажите точку второго угла или [Площадь/Размеры/поВорот]: 
Команда:  ПРЯМОУГОЛЬНИК

Укажите точку первого угла или [Фаска/Уровень/Сопряжение/Толщина/Ширина]: 
Укажите точку второго угла или [Площадь/Размеры/поВорот]: 
Команда: 
Команда: 
Команда: _line 
Первая точка:  <Привязка вкл> 
Следующая точка или [оТменить]: 3850

Следующая точка или [оТменить]: 
Следующая точка или [Замкнуть/Отменить]: *Прервано*

Команда: Задайте противоположный угол или [Линия/РМн-угол/СМн-угол]: 
Команда: 
Команда: 
Команда: _move найдено: 13

Базовая точка или [Смещение] <Смещение>: 
Вторая точка или <считать смещением первую точку>: 
Команда: *Прервано*

Команда: 
Команда: 
Команда: _line 
Первая точка: 
Следующая точка или [оТменить]: *Прервано*

Команда: 
Команда: 
 
** РАСТЯГИВАНИЕ **
Точка растягивания или [Базовая точка/Копировать/ОТменить/выХод]: *Прервано*

Команда: 
** РАСТЯНУТЬ **
Точка растягивания или [Базовая точка/Копировать/ОТменить/выХод]
Команда: *Прервано*

Команда: 
Команда: 
Команда: 
Команда: 
Команда: _cutclip найдено: 2

Команда: 
Команда: 
** РАСТЯНУТЬ **
Задайте точку для растяжения или [Базовая точка/Копировать/oТменить/выХод]:
Команда: *Прервано*

Команда: Задайте противоположный угол или [Линия/РМн-угол/СМн-угол]: 
Команда: 
Команда: 
Команда: _move найдено: 2

Базовая точка или [Смещение] <Смещение>: 
Вторая точка или <считать смещением первую точку>: 
Команда: *Прервано*

Команда: 
Команда: *Прервано*

Команда: 
Команда: 
Команда: Задайте противоположный угол или [Линия/РМн-угол/СМн-угол]: 
Команда: 
Команда: 
Команда: 
Команда: _propertiesclose 
Команда: 
Команда: 
Команда: _properties 
Команда: 
Команда: 
Команда: 
Команда: 
Команда: 
Команда: *Прервано*

Команда: Задайте противоположный угол или [Линия/РМн-угол/СМн-угол]: *Прервано*

Команда: 
Команда: 
 
** РАСТЯГИВАНИЕ **
Точка растягивания или [Базовая точка/Копировать/ОТменить/выХод]: 
Команда: *Прервано*

Команда: 
Команда: 
Команда: 
** РАСТЯНУТЬ **
Задайте точку для растяжения или [Базовая точка/Копировать/oТменить/выХод]:
Команда: *Прервано*

Команда: 
Команда: Задайте противоположный угол или [Линия/РМн-угол/СМн-угол]: 
Команда: 
 
** РАСТЯГИВАНИЕ **
Точка растягивания или [Базовая точка/Копировать/ОТменить/выХод]: 
Команда: *Прервано*

Команда: 
Команда: 
Команда: 
Команда: _move найдено: 1

Базовая точка или [Смещение] <Смещение>: 
Вторая точка или <считать смещением первую точку>: 
Команда: *Прервано*

Команда: 
Команда: *Прервано*

Команда: Задайте противоположный угол или [Линия/РМн-угол/СМн-угол]: 
Команда: Задайте противоположный угол или [Линия/РМн-угол/СМн-угол]: 
Команда: Задайте противоположный угол или [Линия/РМн-угол/СМн-угол]: 
Команда: 
Команда: 
Команда: 
Команда: _copy найдено: 37

Текущая настройка:  Режим копирования  = Несколько
Базовая точка или [Смещение/реЖим] <Смещение>: 
Вторая точка или [Массив] <использовать для смещения первую точку>: 
Укажите вторую точку или [Массив/Выход/Отменить] <Выход>: *Прервано*

Команда: 
Команда: 
Команда: 
Команда: _move найдено: 1

Базовая точка или [Смещение] <Смещение>: 
Вторая точка или <считать смещением первую точку>: *Прервано*

Команда: 
Команда: 
Команда: _line 
Первая точка: 
Следующая точка или [оТменить]: 
Следующая точка или [оТменить]: *Прервано*

Команда: Задайте противоположный угол или [Линия/РМн-угол/СМн-угол]: 
Команда: 
Команда: 
Команда: _move найдено: 1

Базовая точка или [Смещение] <Смещение>: 
Вторая точка или <считать смещением первую точку>: 
Команда: *Прервано*

Команда: 
Команда: 
Команда: _cutclip найдено: 1

Команда: Задайте противоположный угол или [Линия/РМн-угол/СМн-угол]: 
Команда: Задайте противоположный угол или [Линия/РМн-угол/СМн-угол]: 
Команда: Задайте противоположный угол или [Линия/РМн-угол/СМн-угол]: 
Команда: 
Команда: 
Команда: _copybase 
Базовая точка: найдено: 10

Команда: *Прервано*

Команда: 
Команда: 
Команда: _pasteclip Подстановка [simplex.shx] вместо [T-FLEX Type A].
Точка вставки: 
Команда: *Прервано*

Команда: 
Команда: *Прервано*

Команда: Задайте противоположный угол или [Линия/РМн-угол/СМн-угол]: *Прервано*

Команда: 
Команда: 
Команда: 
Команда: _mtedit 
Команда: РЕГЕН
Выполняется регенерация модели.

Команда: 
Команда: 
Команда: 
Команда: _move найдено: 1

Базовая точка или [Смещение] <Смещение>: 
Вторая точка или <считать смещением первую точку>: 
Команда: 
Команда: 
Команда: 
Команда: _move найдено: 1

Базовая точка или [Смещение] <Смещение>: 
Вторая точка или <считать смещением первую точку>: 
Команда: *Прервано*

Команда: Задайте противоположный угол или [Линия/РМн-угол/СМн-угол]: 
Команда: Задайте противоположный угол или [Линия/РМн-угол/СМн-угол]: 
Команда: Задайте противоположный угол или [Линия/РМн-угол/СМн-угол]: 
Команда: Задайте противоположный угол или [Линия/РМн-угол/СМн-угол]: 
Команда: 
Команда: 
Команда: _mirror найдено: 8
Первая точка оси отражения: 
Вторая точка оси отражения: 
Удалить исходные объекты? [Да/Нет] <Нет>: Д

Команда: *Прервано*

Команда: Задайте противоположный угол или [Линия/РМн-угол/СМн-угол]: 
Команда: Задайте противоположный угол или [Линия/РМн-угол/СМн-угол]: 
Команда: Задайте противоположный угол или [Линия/РМн-угол/СМн-угол]: 
Команда: 
Команда: 
Команда: _mirror найдено: 10
Первая точка оси отражения: 
Вторая точка оси отражения: 
Удалить исходные объекты? [Да/Нет] <Нет>: Д

Команда: 
Команда: *Прервано*

Команда: Задайте противоположный угол или [Линия/РМн-угол/СМн-угол]: 
Команда: Задайте противоположный угол или [Линия/РМн-угол/СМн-угол]: 
Команда: 
Команда: 
Команда: _move найдено: 10

Базовая точка или [Смещение] <Смещение>: 
Вторая точка или <считать смещением первую точку>: 
Команда: *Прервано*

Команда: Задайте противоположный угол или [Линия/РМн-угол/СМн-угол]: 
Команда: 
** РАСТЯНУТЬ **
Задайте точку для растяжения или [Базовая точка/Копировать/oТменить/выХод]:*Прервано*

Команда: 
Команда: 
Команда: _move найдено: 2

Базовая точка или [Смещение] <Смещение>: 
Вторая точка или <считать смещением первую точку>: 
Команда: 
Команда: 
 
** РАСТЯГИВАНИЕ **
Точка растягивания или [Базовая точка/Копировать/ОТменить/выХод]: 
Команда: 
 
** РАСТЯГИВАНИЕ **
Точка растягивания или [Базовая точка/Копировать/ОТменить/выХод]: 
Команда: *Прервано*

Команда: Задайте противоположный угол или [Линия/РМн-угол/СМн-угол]: 
Команда: Задайте противоположный угол или [Линия/РМн-угол/СМн-угол]: 
Команда: 
Команда: 
Команда: _move найдено: 11

Базовая точка или [Смещение] <Смещение>: 
Вторая точка или <считать смещением первую точку>: 
Команда: *Прервано*

Команда: 
Команда: 
 
** РАСТЯГИВАНИЕ **
Точка растягивания или [Базовая точка/Копировать/ОТменить/выХод]: 
Команда: 
** РАСТЯНУТЬ **
Задайте точку для растяжения или [Базовая точка/Копировать/oТменить/выХод]:*Прервано*

Команда: *Прервано*

Команда: 
Команда: 
 
** РАСТЯГИВАНИЕ **
Точка растягивания или [Базовая точка/Копировать/ОТменить/выХод]: 
Команда: 
Команда: 
Команда: _move найдено: 1

Базовая точка или [Смещение] <Смещение>: 
Вторая точка или <считать смещением первую точку>: 
Команда: *Прервано*

Команда: 
Команда: 
** РАСТЯНУТЬ **
Задайте точку для растяжения или [Базовая точка/Копировать/oТменить/выХод]:
Команда: *Прервано*

Команда: Задайте противоположный угол или [Линия/РМн-угол/СМн-угол]: 
Команда: 
Команда: 
Команда: _move найдено: 37

Базовая точка или [Смещение] <Смещение>: 
Вторая точка или <считать смещением первую точку>: 
Команда: 
Команда: 
Команда: _line 
Первая точка: 
Следующая точка или [оТменить]: 
Следующая точка или [оТменить]: *Прервано*

Команда: Задайте противоположный угол или [Линия/РМн-угол/СМн-угол]: 
Команда: Задайте противоположный угол или [Линия/РМн-угол/СМн-угол]: 
Команда: 
Команда: 
Команда: _move найдено: 37

Базовая точка или [Смещение] <Смещение>: 
Вторая точка или <считать смещением первую точку>: 
Команда: *Прервано*

Команда: Задайте противоположный угол или [Линия/РМн-угол/СМн-угол]: 
Команда: 
Команда: 
Команда: _cutclip найдено: 1

Команда: 
Команда: '_matchprop 
Текущие активные настройки:  Цвет Слой Тип Лмасштаб Вес линий Прозрачность Толщина Стиль печати Размер Текст Штриховка Полилиния ВЭкран Таблица Материал Мультивыноска Центральный объект 

Выберите целевой объект(ы) или [Настройки]: 

Выберите целевой объект(ы) или [Настройки]: *Прервано*

Команда: 
Команда: 
Команда: 
Команда: _mtedit 
Команда: *Прервано*

Команда: Задайте противоположный угол или [Линия/РМн-угол/СМн-угол]: 
Команда: Задайте противоположный угол или [Линия/РМн-угол/СМн-угол]: 
Команда: Задайте противоположный угол или [Линия/РМн-угол/СМн-угол]: 
Команда: 
Команда: 
Команда: _mirror найдено: 8
Первая точка оси отражения: 
Вторая точка оси отражения: 
Удалить исходные объекты? [Да/Нет] <Нет>: Д

Команда: Задайте противоположный угол или [Линия/РМн-угол/СМн-угол]: 
Команда: Задайте противоположный угол или [Линия/РМн-угол/СМн-угол]: 
Команда: 
Команда: 
Команда: _move найдено: 10

Базовая точка или [Смещение] <Смещение>: 
Вторая точка или <считать смещением первую точку>: 
Команда: *Прервано*

Команда: 
Команда: 
Команда: 
Команда: _mtedit 
Команда: РЕГЕН
Выполняется регенерация модели.

Команда: Задайте противоположный угол или [Линия/РМн-угол/СМн-угол]: 
Команда: Задайте противоположный угол или [Линия/РМн-угол/СМн-угол]: 
Команда: 
Команда: 
Команда: _copybase 
Базовая точка: найдено: 10

Команда: *Прервано*

Команда: 
Команда: 
Команда: _pasteclip Подстановка [simplex.shx] вместо [T-FLEX Type A].
Точка вставки: 
Команда: *Прервано*

Команда: 
Команда: 
Команда: 
Команда: _mtedit 
Команда: РЕГЕН
Выполняется регенерация модели.

Команда: Задайте противоположный угол или [Линия/РМн-угол/СМн-угол]: 
Команда: Задайте противоположный угол или [Линия/РМн-угол/СМн-угол]: 
Команда: 
Команда: 
Команда: 
Команда: _move найдено: 10

Базовая точка или [Смещение] <Смещение>: 
Вторая точка или <считать смещением первую точку>: 
Команда: *Прервано*

Команда: Задайте противоположный угол или [Линия/РМн-угол/СМн-угол]: 
Команда: Задайте противоположный угол или [Линия/РМн-угол/СМн-угол]: 
Команда: Задайте противоположный угол или [Линия/РМн-угол/СМн-угол]: 
Команда: 
Команда: 
Команда: _mirror найдено: 8
Первая точка оси отражения: 
Вторая точка оси отражения: 
Удалить исходные объекты? [Да/Нет] <Нет>: Д

Команда: Задайте противоположный угол или [Линия/РМн-угол/СМн-угол]: 
Команда: 
Команда: 
Команда: _move найдено: 5

Базовая точка или [Смещение] <Смещение>: 
Вторая точка или <считать смещением первую точку>: *Прервано*

Команда: Задайте противоположный угол или [Линия/РМн-угол/СМн-угол]: 
Команда: Задайте противоположный угол или [Линия/РМн-угол/СМн-угол]: 
Команда: 
Команда: 
Команда: _move найдено: 10

Базовая точка или [Смещение] <Смещение>: 
Вторая точка или <считать смещением первую точку>: 
Команда: *Прервано*

Команда: 
Команда: 
** РАСТЯНУТЬ **
Точка растягивания или [Базовая точка/Копировать/ОТменить/выХод]
Команда: *Прервано*

Команда: 
Команда: 
Команда: 
Команда: _move найдено: 1

Базовая точка или [Смещение] <Смещение>: 
Вторая точка или <считать смещением первую точку>: 
Команда: Задайте противоположный угол или [Линия/РМн-угол/СМн-угол]: 
Команда: 
Команда: 
Команда: _copy найдено: 2

Текущая настройка:  Режим копирования  = Несколько
Базовая точка или [Смещение/реЖим] <Смещение>: 
Вторая точка или [Массив] <использовать для смещения первую точку>: 
Укажите вторую точку или [Массив/Выход/Отменить] <Выход>: *Прервано*

Команда: Задайте противоположный угол или [Линия/РМн-угол/СМн-угол]: 
Команда: 
Команда: 
Команда: _move найдено: 2

Базовая точка или [Смещение] <Смещение>: 
Вторая точка или <считать смещением первую точку>: 
Команда: *Прервано*

Команда: Задайте противоположный угол или [Линия/РМн-угол/СМн-угол]: 
Команда: 
Команда: 
Команда: _copy найдено: 2

Текущая настройка:  Режим копирования  = Несколько
Базовая точка или [Смещение/реЖим] <Смещение>: 
Вторая точка или [Массив] <использовать для смещения первую точку>: 
Укажите вторую точку или [Массив/Выход/Отменить] <Выход>: *Прервано*

Команда: 
Команда: 
Команда: _line 
Первая точка: 
Следующая точка или [оТменить]: 
Следующая точка или [оТменить]: *Прервано*

Команда: Задайте противоположный угол или [Линия/РМн-угол/СМн-угол]: 
Команда: 
Команда: 
Команда: _move найдено: 2

Базовая точка или [Смещение] <Смещение>: 
Вторая точка или <считать смещением первую точку>: 
Команда: *Прервано*

Команда: Задайте противоположный угол или [Линия/РМн-угол/СМн-угол]: 
Команда: 
Команда: 
Команда: _cutclip найдено: 1

Команда: 
Команда: *Прервано*

Команда: Задайте противоположный угол или [Линия/РМн-угол/СМн-угол]: 
Команда: 
Команда: 
Команда: _move найдено: 1

Базовая точка или [Смещение] <Смещение>: 
Вторая точка или <считать смещением первую точку>: 
Команда: *Прервано*

Команда: 
Команда: 
** РАСТЯНУТЬ **
Точка растягивания или [Базовая точка/Копировать/ОТменить/выХод]
Команда: *Прервано*

Команда: Задайте противоположный угол или [Линия/РМн-угол/СМн-угол]: *Прервано*

Команда: 
Команда: 
** РАСТЯНУТЬ **
Точка растягивания или [Базовая точка/Копировать/ОТменить/выХод]
Команда: *Прервано*

Команда: 
Команда: 
** РАСТЯНУТЬ **
Точка растягивания или [Базовая точка/Копировать/ОТменить/выХод]
Команда: *Прервано*

Команда: 
Команда: *Прервано*

Команда: 
Команда: 
Команда: _dimlinear 
Начало первой выносной линии или <выбрать объект>: 
Начало второй выносной линии: 
Положение размерной линии или 
[Мтекст/Текст/Угол/Горизонтальный/Вертикальный/Повернутый]: 
Размерный текст = 900
Команда: *Прервано*

Команда: 
Команда: '_matchprop 
Текущие активные настройки:  Цвет Слой Тип Лмасштаб Вес линий Прозрачность Толщина Стиль печати Размер Текст Штриховка Полилиния ВЭкран Таблица Материал Мультивыноска Центральный объект 

Выберите целевой объект(ы) или [Настройки]: 

Выберите целевой объект(ы) или [Настройки]: *Прервано*

Команда: 
Команда: 
** РАСТЯНУТЬ **
Задайте точку для растяжения или [Базовая точка/Копировать/oТменить/выХод]:*Прервано*

Команда: 
** РАСТЯНУТЬ **
Задайте точку для операции растяжения:
Команда: *Прервано*

Команда: 
Команда: 
Команда: _dimlinear 
Начало первой выносной линии или <выбрать объект>: 
Начало второй выносной линии: 
Положение размерной линии или 
[Мтекст/Текст/Угол/Горизонтальный/Вертикальный/Повернутый]: 
Размерный текст = 900
Команда: 
Команда: '_matchprop 
Текущие активные настройки:  Цвет Слой Тип Лмасштаб Вес линий Прозрачность Толщина Стиль печати Размер Текст Штриховка Полилиния ВЭкран Таблица Материал Мультивыноска Центральный объект 

Выберите целевой объект(ы) или [Настройки]: 

Выберите целевой объект(ы) или [Настройки]: *Прервано*

Команда: 
Команда: 
Команда: _rectang 
Укажите точку первого угла или [Фаска/Уровень/Сопряжение/Толщина/Ширина]: 
Укажите точку второго угла или [Площадь/Размеры/поВорот]: 
Команда:  ПРЯМОУГОЛЬНИК

Укажите точку первого угла или [Фаска/Уровень/Сопряжение/Толщина/Ширина]: 
Укажите точку второго угла или [Площадь/Размеры/поВорот]: 
Команда:  ПРЯМОУГОЛЬНИК

Укажите точку первого угла или [Фаска/Уровень/Сопряжение/Толщина/Ширина]: 
Укажите точку второго угла или [Площадь/Размеры/поВорот]: 
Команда: *Прервано*

Команда:  ПРЯМОУГОЛЬНИК

Укажите точку первого угла или [Фаска/Уровень/Сопряжение/Толщина/Ширина]: 
Укажите точку второго угла или [Площадь/Размеры/поВорот]: *Прервано*

Команда:  ПРЯМОУГОЛЬНИК

Укажите точку первого угла или [Фаска/Уровень/Сопряжение/Толщина/Ширина]:  <Привязка откл> 
Укажите точку второго угла или [Площадь/Размеры/поВорот]: 
Команда:  ПРЯМОУГОЛЬНИК

Укажите точку первого угла или [Фаска/Уровень/Сопряжение/Толщина/Ширина]: 
Укажите точку второго угла или [Площадь/Размеры/поВорот]: 
Команда:  ПРЯМОУГОЛЬНИК

Укажите точку первого угла или [Фаска/Уровень/Сопряжение/Толщина/Ширина]: 
Укажите точку второго угла или [Площадь/Размеры/поВорот]: 
Команда:  ПРЯМОУГОЛЬНИК

Укажите точку первого угла или [Фаска/Уровень/Сопряжение/Толщина/Ширина]: 
Укажите точку второго угла или [Площадь/Размеры/поВорот]: 
Команда: 
Команда: 
** РАСТЯНУТЬ **
Точка растягивания или [Базовая точка/Копировать/ОТменить/выХод]
Команда: *Прервано*

Команда: 
Команда: 
** РАСТЯНУТЬ **
Точка растягивания или [Базовая точка/Копировать/ОТменить/выХод]
Команда: *Прервано*

Команда: Задайте противоположный угол или [Линия/РМн-угол/СМн-угол]: 
Команда: 
Команда: 
Команда: _move найдено: 2

Базовая точка или [Смещение] <Смещение>: 
Вторая точка или <считать смещением первую точку>: 
Команда: *Прервано*

Команда: 
Команда: 
** ДОБАВИТЬ ВЕРШИНУ **
Задайте точку новой вершины:
Команда: 
** ДОБАВИТЬ ВЕРШИНУ **
Задайте точку новой вершины:
Команда: 
** ДОБАВИТЬ ВЕРШИНУ **
Задайте точку новой вершины: <Привязка вкл> *Прервано*

Команда: 
Команда: 
Команда: _line 
Первая точка: 
Следующая точка или [оТменить]: 
Следующая точка или [оТменить]: 
Следующая точка или [Замкнуть/Отменить]: 
Следующая точка или [Замкнуть/Отменить]: *Прервано*

Команда: 
Команда: 
** РАСТЯНУТЬ **
Задайте точку для растяжения или [Базовая точка/Копировать/oТменить/выХод]:
Команда: 
** ДОБАВИТЬ ВЕРШИНУ **
Задайте точку новой вершины:
Команда: 
** ДОБАВИТЬ ВЕРШИНУ **
Задайте точку новой вершины:*Прервано*

Команда: 
** ДОБАВИТЬ ВЕРШИНУ **
Задайте точку новой вершины:
Команда: *Прервано*

Команда: 
Команда: 
Команда: _cutclip найдено: 1

Команда: 
Команда: 
Команда: _cutclip найдено: 1

Команда: 
Команда: 
Команда: 
Команда: _cutclip найдено: 1

Команда: 
Команда: 
Команда: _cutclip найдено: 1

Команда: Задайте противоположный угол или [Линия/РМн-угол/СМн-угол]: 
Команда: 
Команда: 
Команда: _copy найдено: 2

Текущая настройка:  Режим копирования  = Несколько
Базовая точка или [Смещение/реЖим] <Смещение>: 
Вторая точка или [Массив] <использовать для смещения первую точку>: 
Укажите вторую точку или [Массив/Выход/Отменить] <Выход>: *Прервано*

Команда: Задайте противоположный угол или [Линия/РМн-угол/СМн-угол]: 
Команда: 
Команда: 
Команда: _copy найдено: 2

Текущая настройка:  Режим копирования  = Несколько
Базовая точка или [Смещение/реЖим] <Смещение>: 
Вторая точка или [Массив] <использовать для смещения первую точку>: 
Укажите вторую точку или [Массив/Выход/Отменить] <Выход>: *Прервано*

Команда: 
Команда: 
** РАСТЯНУТЬ **
Точка растягивания или [Базовая точка/Копировать/ОТменить/выХод]
Команда: 
** РАСТЯНУТЬ **
Точка растягивания или [Базовая точка/Копировать/ОТменить/выХод]
Команда: *Прервано*

Команда: 
Команда: 
Команда: _rectang 
Укажите точку первого угла или [Фаска/Уровень/Сопряжение/Толщина/Ширина]: 
Укажите точку второго угла или [Площадь/Размеры/поВорот]: *Прервано*

Команда:  ПРЯМОУГОЛЬНИК

Укажите точку первого угла или [Фаска/Уровень/Сопряжение/Толщина/Ширина]:  <Привязка откл> 
Укажите точку второго угла или [Площадь/Размеры/поВорот]: 
Команда:  ПРЯМОУГОЛЬНИК

Укажите точку первого угла или [Фаска/Уровень/Сопряжение/Толщина/Ширина]: 
Укажите точку второго угла или [Площадь/Размеры/поВорот]: 
Команда:  ПРЯМОУГОЛЬНИК

Укажите точку первого угла или [Фаска/Уровень/Сопряжение/Толщина/Ширина]: 
Укажите точку второго угла или [Площадь/Размеры/поВорот]: 
Команда:  ПРЯМОУГОЛЬНИК

Укажите точку первого угла или [Фаска/Уровень/Сопряжение/Толщина/Ширина]: 
Укажите точку второго угла или [Площадь/Размеры/поВорот]: 
Команда: *Прервано*

Команда: 
Команда: 
Команда: 
Команда: _copy найдено: 1

Текущая настройка:  Режим копирования  = Несколько
Базовая точка или [Смещение/реЖим] <Смещение>: 
Вторая точка или [Массив] <использовать для смещения первую точку>: 
Укажите вторую точку или [Массив/Выход/Отменить] <Выход>: *Прервано*

Команда: 
Команда: 
** РАСТЯНУТЬ **
Точка растягивания или [Базовая точка/Копировать/ОТменить/выХод] <Привязка вкл> 
Команда: *Прервано*

Команда: 
Команда:  
Команда: 
Команда:  
Команда: *Прервано*

Команда: 
Команда:  
Команда: *Прервано*

Команда: 
Команда:  
Команда: *Прервано*

Команда: 
Команда: 
Команда: _rectang 
Укажите точку первого угла или [Фаска/Уровень/Сопряжение/Толщина/Ширина]: 
Укажите точку второго угла или [Площадь/Размеры/поВорот]: 
Команда: Задайте противоположный угол или [Линия/РМн-угол/СМн-угол]: 
Команда: 
Команда: 
Команда: _copy найдено: 2

Текущая настройка:  Режим копирования  = Несколько
Базовая точка или [Смещение/реЖим] <Смещение>: 
Вторая точка или [Массив] <использовать для смещения первую точку>: 
Укажите вторую точку или [Массив/Выход/Отменить] <Выход>: *Прервано*

Команда: 
Команда: *Прервано*

Команда: 
Команда: 
** РАСТЯНУТЬ **
Точка растягивания или [Базовая точка/Копировать/ОТменить/выХод]
Команда: *Прервано*

Команда: 
Команда: 
Команда: 
Команда: _move найдено: 1

Базовая точка или [Смещение] <Смещение>: 
Вторая точка или <считать смещением первую точку>: 
Команда: *Прервано*

Команда: Задайте противоположный угол или [Линия/РМн-угол/СМн-угол]: 
Команда: 
Команда: 
Команда: _copybase 
Базовая точка: найдено: 2

Команда: *Прервано*

Команда: 
Команда: 
Команда: _pasteclip Повторное определение блока _None  пропущено.
Подстановка [simplex.shx] вместо [T-FLEX Type A].
Точка вставки: 
Команда: *Прервано*

Команда: 
Команда: 
** РАСТЯНУТЬ **
Точка растягивания или [Базовая точка/Копировать/ОТменить/выХод]
Команда: *Прервано*

Команда: 
Команда: 
Команда: _pasteclip Повторное определение блока _None  пропущено.
Подстановка [simplex.shx] вместо [T-FLEX Type A].
Точка вставки: 
Команда: *Прервано*

Команда: 
Команда: 
** РАСТЯНУТЬ **
Точка растягивания или [Базовая точка/Копировать/ОТменить/выХод]
Команда: *Прервано*

Команда: Задайте противоположный угол или [Линия/РМн-угол/СМн-угол]: *Прервано*

Команда: Задайте противоположный угол или [Линия/РМн-угол/СМн-угол]: *Прервано*

Команда: 
Команда: 
Команда: 
Команда: 
Команда: _bedit Выполняется регенерация модели.

Команда: 
Команда: 
 
** РАСТЯГИВАНИЕ **
Точка растягивания или [Базовая точка/Копировать/ОТменить/выХод]: *Прервано*

Команда: 
Команда: 
Команда: 
Команда: _mtedit 
Команда: 
Команда: 
Команда: 
Команда: _mtedit 
Команда: 
Команда: 
Команда: _BCLOSE Выполняется регенерация модели.

Автоматическое сохранение в C:\Users\user\AppData\Local\Temp\РД_1_20851_7eef8121.sv$ ...

Команда: 
Команда: 
Команда: 
Команда: 
Команда: _copybase 
Базовая точка: *Прервано*

Команда: 
Команда: 
Команда: _copy найдено: 1

Текущая настройка:  Режим копирования  = Несколько
Базовая точка или [Смещение/реЖим] <Смещение>: 
Вторая точка или [Массив] <использовать для смещения первую точку>: 
Укажите вторую точку или [Массив/Выход/Отменить] <Выход>: 
Укажите вторую точку или [Массив/Выход/Отменить] <Выход>: 
Укажите вторую точку или [Массив/Выход/Отменить] <Выход>: 
Укажите вторую точку или [Массив/Выход/Отменить] <Выход>: 
Укажите вторую точку или [Массив/Выход/Отменить] <Выход>: 
Укажите вторую точку или [Массив/Выход/Отменить] <Выход>: 
Укажите вторую точку или [Массив/Выход/Отменить] <Выход>: *Прервано*

Команда: 
Команда: 
Команда: _SelectSimilar 
Команда: Задайте противоположный угол или [Линия/РМн-угол/СМн-угол]: 
Команда: 
Команда: 
Команда: _copy найдено: 7

Текущая настройка:  Режим копирования  = Несколько
Базовая точка или [Смещение/реЖим] <Смещение>: 
Вторая точка или [Массив] <использовать для смещения первую точку>: 
Укажите вторую точку или [Массив/Выход/Отменить] <Выход>: 
Укажите вторую точку или [Массив/Выход/Отменить] <Выход>: 
Укажите вторую точку или [Массив/Выход/Отменить] <Выход>: *Прервано*

Команда: Задайте противоположный угол или [Линия/РМн-угол/СМн-угол]: 
Команда: 
Команда: 
Команда: _cutclip найдено: 4

Команда: Противоположный угол: 
Команда: *Прервано*

Команда: Задайте противоположный угол или [Линия/РМн-угол/СМн-угол]: 
Команда: 
Команда: 
Команда: _SelectSimilar 
Команда: 
Команда: 
Команда:   
Команда: Противоположный угол: 
Команда:  

Команда: Противоположный угол: 
Команда:  

Команда: *Прервано*

Команда: Противоположный угол: 
Команда:  

Команда: *Прервано*

Команда: Противоположный угол: 
Команда:  

Команда: Противоположный угол: 
Команда:  

Команда: Противоположный угол: 
Команда:  

Команда: _u ТАБЛРЕД 
Команда: Противоположный угол: 
Команда: _u ТАБЛРЕД 
Команда: Противоположный угол: 
Команда:  

Команда: Противоположный угол: 
Команда:  

Команда:  

Команда: _u ТАБЛРЕД 
Команда: Противоположный угол: 
Команда:  

Команда: _u ТАБЛРЕД 
Команда: _u ТАБЛРЕД 
Команда: Противоположный угол: 
Команда:  

Команда: *Прервано*

Команда: Противоположный угол: 
Команда:  

Команда: Противоположный угол: 
Команда:  

Команда: Противоположный угол:  
Неверное определение рамки.
Противоположный угол: Противоположный угол: 

Неверное определение рамки.
Противоположный угол: Противоположный угол: 
Команда: 
Команда: 
Команда: _ai_selall Выбор объектов...готово.

Команда: *Прервано*

Команда: Противоположный угол: 
Команда:  

Команда:  

Команда: *Прервано*

Команда: Противоположный угол: 
Команда:  

Команда: *Прервано*

Команда: Противоположный угол: 
Команда: *Прервано*

Команда: Задайте противоположный угол или [Линия/РМн-угол/СМн-угол]: 
Команда: 
 
** РАСТЯГИВАНИЕ **
Точка растягивания или [Базовая точка/Копировать/ОТменить/выХод]: 
Размер откреплен.
Команда: *Прервано*

Команда: 
Команда: 
Команда: 
Команда: _move найдено: 1

Базовая точка или [Смещение] <Смещение>: 
Вторая точка или <считать смещением первую точку>: 
Команда: 
Команда: 
Команда: 
Команда: _move найдено: 1

Базовая точка или [Смещение] <Смещение>: 
Вторая точка или <считать смещением первую точку>: 
Команда: 
Команда: *Прервано*

Команда: 
Команда: *Прервано*

Команда: 
Команда: Задайте противоположный угол или [Линия/РМн-угол/СМн-угол]: 
Команда: 
Команда: 
Команда: _move найдено: 2

Базовая точка или [Смещение] <Смещение>: 
Вторая точка или <считать смещением первую точку>: 
Команда: Задайте противоположный угол или [Линия/РМн-угол/СМн-угол]: *Прервано*

Команда: Задайте противоположный угол или [Линия/РМн-угол/СМн-угол]: 
Команда: 
Команда: 
Команда: _move найдено: 2

Базовая точка или [Смещение] <Смещение>: 
Вторая точка или <считать смещением первую точку>: 
Команда: 
Команда: 
Команда: 
Команда: 
Команда: _move найдено: 2

Базовая точка или [Смещение] <Смещение>: 
Вторая точка или <считать смещением первую точку>: 
Команда: 
Команда: 
Команда: 
Команда: 
Команда: _move найдено: 2

Базовая точка или [Смещение] <Смещение>: 
Вторая точка или <считать смещением первую точку>: 
Команда: 
Команда: *Прервано*

Команда: 
Команда: *Прервано*

Команда: 
Команда: 
Команда: *Прервано*

Команда: 
Команда: *Прервано*

Команда: Противоположный угол: 
Команда:  

Команда: Противоположный угол: 
Команда: Противоположный угол: 
Команда:  

Команда: Противоположный угол: 
Команда: Противоположный угол: 
Команда:  

Команда: Противоположный угол: 
Команда: Противоположный угол: 
Команда:  

Команда: Противоположный угол: 
Команда: Противоположный угол: 
Команда:  

Команда: *Прервано*

Команда: Задайте противоположный угол или [Линия/РМн-угол/СМн-угол]: *Прервано*

Команда: 
Команда: 
Команда: 
Команда: _mtedit 
Команда: РЕГЕН
Выполняется регенерация модели.

Команда: 
Команда: 
Команда: 
Команда: _mtedit 
Команда: 
Команда: 
Команда: _qsave 
Команда: 
Команда: 
Команда: 
Команда: _PUBLISH 
Команда: *Прервано*

Команда: *Прервано*

Команда:  
Команда: 
