[ AutoCAD - Fri Jul 10 09:01:28 2026  ]----------------------------------------

Открывается файл формата AutoCAD 2018.
Подстановка [simplex.shx] вместо [T-FLEX Type A].
Выполняется регенерация модели.


Утилиты меню AutoCAD загружены.*Прервано*

Команда: 

Файл Autodesk DWG. Это файл формата TrustedDWG, сохраненный в приложении Autodesk или в приложении, лицензированном корпорацией Autodesk.

Команда: 

Команда: 
Команда: 
Команда: *Прервано*

Команда: 
Команда: 
Команда: *Прервано*

Команда: *Прервано*

Команда: 
Команда: 
Команда: 
Команда: _copy найдено: 1

Текущая настройка:  Режим копирования  = Несколько
Базовая точка или [Смещение/реЖим] <Смещение>: 
Вторая точка или [Массив] <использовать для смещения первую точку>: 
Укажите вторую точку или [Массив/Выход/Отменить] <Выход>: *Прервано*

Команда: 
Команда: _TXT2MTXT

  Удалено текстовых объектов: 22. Добавлен 1 объект многострочного текста.
Команда: 
Команда: *Прервано*

Команда: 
Команда: 
Команда: 
Команда: _mtedit 
Команда: *Прервано*

Команда: Задайте противоположный угол или [Линия/РМн-угол/СМн-угол]: 
Команда: 
Команда: 
Команда: _move найдено: 2172

Базовая точка или [Смещение] <Смещение>: 
Вторая точка или <считать смещением первую точку>: 
Команда: *Прервано*

Команда: 
Автоматическое сохранение в C:\Users\user\AppData\Local\Temp\РД_1_21763_bae9af4e.sv$ ...

Команда: 
Команда: 
Команда: 
Команда: 
Команда: _pasteclip Повторное определение блока _Oblique  пропущено.
Повторное определение блока _None  пропущено.
Подстановка [simplex.shx] вместо [T-FLEX Type A].
Подстановка [simplex.shx] вместо [EskdWin32.shx].
Точка вставки: 
Команда: Задайте противоположный угол или [Линия/РМн-угол/СМн-угол]: 
Команда: 
Команда: 
Команда: _copy найдено: 1

Текущая настройка:  Режим копирования  = Несколько
Базовая точка или [Смещение/реЖим] <Смещение>: 
Вторая точка или [Массив] <использовать для смещения первую точку>: 
Укажите вторую точку или [Массив/Выход/Отменить] <Выход>: *Прервано*

Команда: Задайте противоположный угол или [Линия/РМн-угол/СМн-угол]: 
Команда: *Прервано*

Команда: Задайте противоположный угол или [Линия/РМн-угол/СМн-угол]: 
Команда: МАСШТАБ
найдено: 1

Базовая точка: 
Масштаб или [Копия/Опорный отрезок]: 4

Команда: *Прервано*

Команда: Задайте противоположный угол или [Линия/РМн-угол/СМн-угол]: 
Команда: 
Команда: 
Команда: _copy найдено: 1

Текущая настройка:  Режим копирования  = Несколько
Базовая точка или [Смещение/реЖим] <Смещение>: 
Вторая точка или [Массив] <использовать для смещения первую точку>: 
Укажите вторую точку или [Массив/Выход/Отменить] <Выход>: *Прервано*

Команда: Задайте противоположный угол или [Линия/РМн-угол/СМн-угол]: 
Команда: *Прервано*

Команда: Задайте противоположный угол или [Линия/РМн-угол/СМн-угол]: 
Команда: 
Команда: 
Команда: _copy найдено: 1

Текущая настройка:  Режим копирования  = Несколько
Базовая точка или [Смещение/реЖим] <Смещение>: 
Вторая точка или [Массив] <использовать для смещения первую точку>: 
Укажите вторую точку или [Массив/Выход/Отменить] <Выход>: *Прервано*

Команда: 
Команда: 
Команда: 
Команда: _rotate 
Текущие установки отсчета углов в ПСК:  ANGDIR=против ч/с  ANGBASE=0
найдено: 1

Базовая точка: 
Угол поворота или [Копия/Опорный угол] <0>: 
Команда: *Прервано*

Команда: Задайте противоположный угол или [Линия/РМн-угол/СМн-угол]: 
Команда: 
Команда: 
Команда: _move найдено: 1

Базовая точка или [Смещение] <Смещение>: 
Вторая точка или <считать смещением первую точку>: 
Команда: *Прервано*

Команда: 
Команда: 
Команда: _line 
Первая точка: 
Следующая точка или [оТменить]: 
Следующая точка или [оТменить]: *Прервано*

Команда: _u INTELLIPAN INTELLIZOOM 
Команда: _u INTELLIZOOM ГРУППА 
Команда: 
Команда: 
Команда: _line 
Первая точка: 
Следующая точка или [оТменить]: 
Следующая точка или [оТменить]: *Прервано*

Команда: Задайте противоположный угол или [Линия/РМн-угол/СМн-угол]: 
Команда: 
Команда: 
Команда: _move найдено: 1

Базовая точка или [Смещение] <Смещение>: 
Вторая точка или <считать смещением первую точку>: 
Команда: *Прервано*

Команда: 
Команда: 
Команда: 
Команда: _trim 
Текущие параметры: проекция = ПСК, кромка = Нет, режим = Быстрый
Выбрать режущие кромки...найдено: 1

Выберите обрезаемый или удлиняемый объект (плюс SHIFT) либо [реЖущие кромки/Секрамка/Режим/Проекция/уДалить]: 

Выберите обрезаемый или удлиняемый объект (плюс SHIFT) либо [реЖущие кромки/Секрамка/Режим/Проекция/уДалить/Отменить]: *Прервано*

Команда: 
Команда: 
Команда: 
Команда: _trim 
Текущие параметры: проекция = ПСК, кромка = Нет, режим = Быстрый
Выбрать режущие кромки...найдено: 1

Выберите обрезаемый или удлиняемый объект (плюс SHIFT) либо [реЖущие кромки/Секрамка/Режим/Проекция/уДалить]: 

Выберите обрезаемый или удлиняемый объект (плюс SHIFT) либо [реЖущие кромки/Секрамка/Режим/Проекция/уДалить/Отменить]: *Прервано*

Команда: 
Команда: 
Команда: 
Команда: 
Команда: _move найдено: 2

Базовая точка или [Смещение] <Смещение>: 
Вторая точка или <считать смещением первую точку>: *Прервано*

Команда: Задайте противоположный угол или [Линия/РМн-угол/СМн-угол]: *Прервано*

Команда: 
Команда: 
Команда: 
Команда: _line 
Первая точка: 
Следующая точка или [оТменить]: 
Следующая точка или [оТменить]: *Прервано*

Команда: Задайте противоположный угол или [Линия/РМн-угол/СМн-угол]: 
Команда: 
Команда: 
Команда: _move найдено: 1

Базовая точка или [Смещение] <Смещение>: 
Вторая точка или <считать смещением первую точку>: 
Команда: *Прервано*

Команда: Задайте противоположный угол или [Линия/РМн-угол/СМн-угол]: 
Команда: 
Команда: 
Команда: _cutclip найдено: 1

Команда: 
Команда: 
** РАСТЯНУТЬ **
Задайте точку для растяжения или [Базовая точка/Копировать/oТменить/выХод]:
Команда: 
** РАСТЯНУТЬ **
Задайте точку для растяжения или [Базовая точка/Копировать/oТменить/выХод]:
Команда: *Прервано*

Команда: 
Команда: 
** РАСТЯНУТЬ **
Задайте точку для растяжения или [Базовая точка/Копировать/oТменить/выХод]:
Команда: 
** РАСТЯНУТЬ **
Задайте точку для растяжения или [Базовая точка/Копировать/oТменить/выХод]:
Команда: *Прервано*

Команда: Задайте противоположный угол или [Линия/РМн-угол/СМн-угол]: *Прервано*

Команда: 
Команда: 
Команда: _cutclip найдено: 1

Команда: Задайте противоположный угол или [Линия/РМн-угол/СМн-угол]: 
Команда: 
Команда: Задайте противоположный угол или [Линия/РМн-угол/СМн-угол]: 
Команда: МАСШТАБ
найдено: 1

Базовая точка: 
Масштаб или [Копия/Опорный отрезок]: *Прервано*

Команда: Задайте противоположный угол или [Линия/РМн-угол/СМн-угол]: 
Команда: МАСШТАБ
найдено: 1

Базовая точка: 
Масштаб или [Копия/Опорный отрезок]: 
Команда: 
Команда: 
Команда: 
Команда: _move найдено: 1

Базовая точка или [Смещение] <Смещение>: 
Вторая точка или <считать смещением первую точку>: *Прервано*

Команда: _u INTELLIZOOM ГРУППА 
Команда: _u 
Команда: _u INTELLIZOOM 
Команда: _u МАСШТАБ 
Команда: _u INTELLIZOOM INTELLIZOOM 
Команда: Задайте противоположный угол или [Линия/РМн-угол/СМн-угол]: 
Команда: МАСШТАБ
найдено: 1

Базовая точка: 
Масштаб или [Копия/Опорный отрезок]: 
Команда: 
Команда: *Прервано*

Команда: 
Команда: 
Команда: 
Команда: _copy найдено: 1

Текущая настройка:  Режим копирования  = Несколько
Базовая точка или [Смещение/реЖим] <Смещение>: 
Вторая точка или [Массив] <использовать для смещения первую точку>: 
Укажите вторую точку или [Массив/Выход/Отменить] <Выход>: *Прервано*

Команда: Задайте противоположный угол или [Линия/РМн-угол/СМн-угол]: 
Команда: 
Команда: 
Команда: _cutclip найдено: 3

Команда: 
Команда: 
Команда: Задайте противоположный угол или [Линия/РМн-угол/СМн-угол]: 
Команда: *Прервано*

Команда: Задайте противоположный угол или [Линия/РМн-угол/СМн-угол]: 
Команда: *Прервано*

Команда: Задайте противоположный угол или [Линия/РМн-угол/СМн-угол]: 
Команда: *Прервано*

Команда: Задайте противоположный угол или [Линия/РМн-угол/СМн-угол]: 
Команда: *Прервано*

Команда: Задайте противоположный угол или [Линия/РМн-угол/СМн-угол]: 
Команда: *Прервано*

Команда: 
Команда: 
Команда: 
Команда: _move найдено: 1

Базовая точка или [Смещение] <Смещение>: 
Вторая точка или <считать смещением первую точку>: 
Команда: *Прервано*

Команда: 
Команда: 
Команда: 
Команда: _trim 
Текущие параметры: проекция = ПСК, кромка = Нет, режим = Быстрый
Выбрать режущие кромки...найдено: 1

Выберите обрезаемый или удлиняемый объект (плюс SHIFT) либо [реЖущие кромки/Секрамка/Режим/Проекция/уДалить]: 
Выберите обрезаемый или удлиняемый объект (плюс SHIFT) либо [реЖущие кромки/Секрамка/Режим/Проекция/уДалить/Отменить]: 
Укажите следующую точку линии выбора или [Отменить]: 
Укажите следующую точку линии выбора или [Отменить]: 
Укажите следующую точку линии выбора или [Отменить]: 
Укажите следующую точку линии выбора или [Отменить]: 

Выберите обрезаемый или удлиняемый объект (плюс SHIFT) либо [реЖущие кромки/Секрамка/Режим/Проекция/уДалить/Отменить]: 

Выберите обрезаемый или удлиняемый объект (плюс SHIFT) либо [реЖущие кромки/Секрамка/Режим/Проекция/уДалить/Отменить]: 

Выберите обрезаемый или удлиняемый объект (плюс SHIFT) либо [реЖущие кромки/Секрамка/Режим/Проекция/уДалить/Отменить]: 

Выберите обрезаемый или удлиняемый объект (плюс SHIFT) либо [реЖущие кромки/Секрамка/Режим/Проекция/уДалить/Отменить]: 

Выберите обрезаемый или удлиняемый объект (плюс SHIFT) либо [реЖущие кромки/Секрамка/Режим/Проекция/уДалить/Отменить]: *Прервано*

Команда: 
Команда: 
Команда: 
Команда: _extend 
Текущие параметры: проекция = ПСК, кромка = Нет, режим = Быстрый
Выбрать кромки границы... найдено: 1

Выберите объект для удлинения или обрезки (SHIFT + выбор) либо
 [Кромки границы/Секрамка/РЕжим/Проекция]: 
Выберите объект для удлинения или обрезки (SHIFT + выбор) либо
 [Кромки границы/Секрамка/РЕжим/Проекция/Отменить]: 
Укажите следующую точку линии выбора или [Отменить]: 
Укажите следующую точку линии выбора или [Отменить]: 
Укажите следующую точку линии выбора или [Отменить]: 
Укажите следующую точку линии выбора или [Отменить]: 

Траектория не пересекается с ограничивающей кромкой.
Траектория не пересекается с ограничивающей кромкой.
Траектория не пересекается с ограничивающей кромкой.
Траектория не пересекается с ограничивающей кромкой.
Траектория не пересекается с ограничивающей кромкой.
Траектория не пересекается с ограничивающей кромкой.
Траектория не пересекается с ограничивающей кромкой.
В данном направлении кромки нет.
Выберите объект для удлинения или обрезки (SHIFT + выбор) либо
 [Кромки границы/Секрамка/РЕжим/Проекция/Отменить]: 

Выберите объект для удлинения или обрезки (SHIFT + выбор) либо
 [Кромки границы/Секрамка/РЕжим/Проекция/Отменить]: 

Выберите объект для удлинения или обрезки (SHIFT + выбор) либо
 [Кромки границы/Секрамка/РЕжим/Проекция/Отменить]: 

Траектория не пересекается с ограничивающей кромкой.
Выберите объект для удлинения или обрезки (SHIFT + выбор) либо
 [Кромки границы/Секрамка/РЕжим/Проекция/Отменить]: *Прервано*

Команда: 
Команда: 
Команда: 
Команда: _extend 
Текущие параметры: проекция = ПСК, кромка = Нет, режим = Быстрый
Выбрать кромки границы... найдено: 1

Выберите объект для удлинения или обрезки (SHIFT + выбор) либо
 [Кромки границы/Секрамка/РЕжим/Проекция]: 

Выберите объект для удлинения или обрезки (SHIFT + выбор) либо
 [Кромки границы/Секрамка/РЕжим/Проекция/Отменить]: 

Выберите объект для удлинения или обрезки (SHIFT + выбор) либо
 [Кромки границы/Секрамка/РЕжим/Проекция/Отменить]: 

Выберите объект для удлинения или обрезки (SHIFT + выбор) либо
 [Кромки границы/Секрамка/РЕжим/Проекция/Отменить]: 

Выберите объект для удлинения или обрезки (SHIFT + выбор) либо
 [Кромки границы/Секрамка/РЕжим/Проекция/Отменить]: 

Траектория не пересекается с ограничивающей кромкой.
Выберите объект для удлинения или обрезки (SHIFT + выбор) либо
 [Кромки границы/Секрамка/РЕжим/Проекция/Отменить]: 

Выберите объект для удлинения или обрезки (SHIFT + выбор) либо
 [Кромки границы/Секрамка/РЕжим/Проекция/Отменить]: *Прервано*

Команда: 
Команда: 
Команда: 
Команда: _extend 
Текущие параметры: проекция = ПСК, кромка = Нет, режим = Быстрый
Выбрать кромки границы... найдено: 1

Выберите объект для удлинения или обрезки (SHIFT + выбор) либо
 [Кромки границы/Секрамка/РЕжим/Проекция]: 

Выберите объект для удлинения или обрезки (SHIFT + выбор) либо
 [Кромки границы/Секрамка/РЕжим/Проекция/Отменить]: 

Выберите объект для удлинения или обрезки (SHIFT + выбор) либо
 [Кромки границы/Секрамка/РЕжим/Проекция/Отменить]: 

В данном направлении кромки нет.
Выберите объект для удлинения или обрезки (SHIFT + выбор) либо
 [Кромки границы/Секрамка/РЕжим/Проекция/Отменить]: 

Выберите объект для удлинения или обрезки (SHIFT + выбор) либо
 [Кромки границы/Секрамка/РЕжим/Проекция/Отменить]: 

Выберите объект для удлинения или обрезки (SHIFT + выбор) либо
 [Кромки границы/Секрамка/РЕжим/Проекция/Отменить]: 

Выберите объект для удлинения или обрезки (SHIFT + выбор) либо
 [Кромки границы/Секрамка/РЕжим/Проекция/Отменить]: *Прервано*

Команда: 
Команда: 
Команда: 
Команда: _extend 
Текущие параметры: проекция = ПСК, кромка = Нет, режим = Быстрый
Выбрать кромки границы... найдено: 1

Выберите объект для удлинения или обрезки (SHIFT + выбор) либо
 [Кромки границы/Секрамка/РЕжим/Проекция]: 

Выберите объект для удлинения или обрезки (SHIFT + выбор) либо
 [Кромки границы/Секрамка/РЕжим/Проекция/Отменить]: 

Выберите объект для удлинения или обрезки (SHIFT + выбор) либо
 [Кромки границы/Секрамка/РЕжим/Проекция/Отменить]: 

Выберите объект для удлинения или обрезки (SHIFT + выбор) либо
 [Кромки границы/Секрамка/РЕжим/Проекция/Отменить]: 

Выберите объект для удлинения или обрезки (SHIFT + выбор) либо
 [Кромки границы/Секрамка/РЕжим/Проекция/Отменить]: 

Выберите объект для удлинения или обрезки (SHIFT + выбор) либо
 [Кромки границы/Секрамка/РЕжим/Проекция/Отменить]: *Прервано*

Команда: 
Команда: 
Команда: 
Команда: _trim 
Текущие параметры: проекция = ПСК, кромка = Нет, режим = Быстрый
Выбрать режущие кромки...найдено: 1

Выберите обрезаемый или удлиняемый объект (плюс SHIFT) либо [реЖущие кромки/Секрамка/Режим/Проекция/уДалить]: 
Выберите обрезаемый или удлиняемый объект (плюс SHIFT) либо [реЖущие кромки/Секрамка/Режим/Проекция/уДалить/Отменить]: 
Укажите следующую точку линии выбора или [Отменить]: 
Укажите следующую точку линии выбора или [Отменить]: 
Укажите следующую точку линии выбора или [Отменить]: 
Укажите следующую точку линии выбора или [Отменить]: 

Выберите обрезаемый или удлиняемый объект (плюс SHIFT) либо [реЖущие кромки/Секрамка/Режим/Проекция/уДалить/Отменить]: 

Выберите обрезаемый или удлиняемый объект (плюс SHIFT) либо [реЖущие кромки/Секрамка/Режим/Проекция/уДалить/Отменить]: 
Выберите обрезаемый или удлиняемый объект (плюс SHIFT) либо [реЖущие кромки/Секрамка/Режим/Проекция/уДалить/Отменить]: 
Укажите следующую точку линии выбора или [Отменить]: 
Укажите следующую точку линии выбора или [Отменить]: 
Укажите следующую точку линии выбора или [Отменить]: 
Укажите следующую точку линии выбора или [Отменить]: 

Выберите обрезаемый или удлиняемый объект (плюс SHIFT) либо [реЖущие кромки/Секрамка/Режим/Проекция/уДалить/Отменить]: 

Выберите обрезаемый или удлиняемый объект (плюс SHIFT) либо [реЖущие кромки/Секрамка/Режим/Проекция/уДалить/Отменить]: 

Выберите обрезаемый или удлиняемый объект (плюс SHIFT) либо [реЖущие кромки/Секрамка/Режим/Проекция/уДалить/Отменить]: 

Выберите обрезаемый или удлиняемый объект (плюс SHIFT) либо [реЖущие кромки/Секрамка/Режим/Проекция/уДалить/Отменить]: *Прервано*

Команда: Задайте противоположный угол или [Линия/РМн-угол/СМн-угол]: 
Команда: 
Команда: 
Команда: _cutclip найдено: 13

Команда: Задайте противоположный угол или [Линия/РМн-угол/СМн-угол]: 
Команда: 
Команда: 
Команда: _cutclip найдено: 4

Команда: 
Команда: *Прервано*

Команда: Задайте противоположный угол или [Линия/РМн-угол/СМн-угол]: 
Команда: 
Команда: 
Команда: _cutclip найдено: 1

Команда: 
Команда: 
Команда: 
Команда: _copy найдено: 1

Текущая настройка:  Режим копирования  = Несколько
Базовая точка или [Смещение/реЖим] <Смещение>: 
Вторая точка или [Массив] <использовать для смещения первую точку>: 
Укажите вторую точку или [Массив/Выход/Отменить] <Выход>: *Прервано*

Команда: Задайте противоположный угол или [Линия/РМн-угол/СМн-угол]: 
Команда: 
Команда: 
Команда: _rotate 
Текущие установки отсчета углов в ПСК:  ANGDIR=против ч/с  ANGBASE=0
найдено: 1

Базовая точка: 
Угол поворота или [Копия/Опорный угол] <270>: 
Команда: *Прервано*

Команда: Задайте противоположный угол или [Линия/РМн-угол/СМн-угол]: 
Команда: 
Команда: 
Команда: _move найдено: 1

Базовая точка или [Смещение] <Смещение>: 
Вторая точка или <считать смещением первую точку>: 
Команда: *Прервано*

Команда: 
Команда: 
Команда: 
Команда: _trim 
Текущие параметры: проекция = ПСК, кромка = Нет, режим = Быстрый
Выбрать режущие кромки...найдено: 1

Выберите обрезаемый или удлиняемый объект (плюс SHIFT) либо [реЖущие кромки/Секрамка/Режим/Проекция/уДалить]: 
Выберите обрезаемый или удлиняемый объект (плюс SHIFT) либо [реЖущие кромки/Секрамка/Режим/Проекция/уДалить/Отменить]: 
Укажите следующую точку линии выбора или [Отменить]: 
Укажите следующую точку линии выбора или [Отменить]: 
Укажите следующую точку линии выбора или [Отменить]: 
Укажите следующую точку линии выбора или [Отменить]: 

Выберите обрезаемый или удлиняемый объект (плюс SHIFT) либо [реЖущие кромки/Секрамка/Режим/Проекция/уДалить/Отменить]: 

Выберите обрезаемый или удлиняемый объект (плюс SHIFT) либо [реЖущие кромки/Секрамка/Режим/Проекция/уДалить/Отменить]: 
Выберите обрезаемый или удлиняемый объект (плюс SHIFT) либо [реЖущие кромки/Секрамка/Режим/Проекция/уДалить/Отменить]: 
Укажите следующую точку линии выбора или [Отменить]: 
Укажите следующую точку линии выбора или [Отменить]: 
Укажите следующую точку линии выбора или [Отменить]: 
Укажите следующую точку линии выбора или [Отменить]: 

Выберите обрезаемый или удлиняемый объект (плюс SHIFT) либо [реЖущие кромки/Секрамка/Режим/Проекция/уДалить/Отменить]: 

Выберите обрезаемый или удлиняемый объект (плюс SHIFT) либо [реЖущие кромки/Секрамка/Режим/Проекция/уДалить/Отменить]: 
Выберите обрезаемый или удлиняемый объект (плюс SHIFT) либо [реЖущие кромки/Секрамка/Режим/Проекция/уДалить/Отменить]: 
Укажите следующую точку линии выбора или [Отменить]: 
Укажите следующую точку линии выбора или [Отменить]: 
Укажите следующую точку линии выбора или [Отменить]: 
Укажите следующую точку линии выбора или [Отменить]: 

Выберите обрезаемый или удлиняемый объект (плюс SHIFT) либо [реЖущие кромки/Секрамка/Режим/Проекция/уДалить/Отменить]: 
Выберите обрезаемый или удлиняемый объект (плюс SHIFT) либо [реЖущие кромки/Секрамка/Режим/Проекция/уДалить/Отменить]: 
Укажите следующую точку линии выбора или [Отменить]: 
Укажите следующую точку линии выбора или [Отменить]: 
Укажите следующую точку линии выбора или [Отменить]: 
Укажите следующую точку линии выбора или [Отменить]: 

Выберите обрезаемый или удлиняемый объект (плюс SHIFT) либо [реЖущие кромки/Секрамка/Режим/Проекция/уДалить/Отменить]: 
Выберите обрезаемый или удлиняемый объект (плюс SHIFT) либо [реЖущие кромки/Секрамка/Режим/Проекция/уДалить/Отменить]: 
Укажите следующую точку линии выбора или [Отменить]: 
Укажите следующую точку линии выбора или [Отменить]: 
Укажите следующую точку линии выбора или [Отменить]: 
Укажите следующую точку линии выбора или [Отменить]: 

Выберите обрезаемый или удлиняемый объект (плюс SHIFT) либо [реЖущие кромки/Секрамка/Режим/Проекция/уДалить/Отменить]: 
Выберите обрезаемый или удлиняемый объект (плюс SHIFT) либо [реЖущие кромки/Секрамка/Режим/Проекция/уДалить/Отменить]: 
Укажите следующую точку линии выбора или [Отменить]: 
Укажите следующую точку линии выбора или [Отменить]: 
Укажите следующую точку линии выбора или [Отменить]: 
Укажите следующую точку линии выбора или [Отменить]: 

Выберите обрезаемый или удлиняемый объект (плюс SHIFT) либо [реЖущие кромки/Секрамка/Режим/Проекция/уДалить/Отменить]: 
Выберите обрезаемый или удлиняемый объект (плюс SHIFT) либо [реЖущие кромки/Секрамка/Режим/Проекция/уДалить/Отменить]: 
Укажите следующую точку линии выбора или [Отменить]: 
Укажите следующую точку линии выбора или [Отменить]: 
Укажите следующую точку линии выбора или [Отменить]: 
Укажите следующую точку линии выбора или [Отменить]: 

Выберите обрезаемый или удлиняемый объект (плюс SHIFT) либо [реЖущие кромки/Секрамка/Режим/Проекция/уДалить/Отменить]: 
Выберите обрезаемый или удлиняемый объект (плюс SHIFT) либо [реЖущие кромки/Секрамка/Режим/Проекция/уДалить/Отменить]: 
Укажите следующую точку линии выбора или [Отменить]: 
Укажите следующую точку линии выбора или [Отменить]: 
Укажите следующую точку линии выбора или [Отменить]: 
Укажите следующую точку линии выбора или [Отменить]: 

Выберите обрезаемый или удлиняемый объект (плюс SHIFT) либо [реЖущие кромки/Секрамка/Режим/Проекция/уДалить/Отменить]: 
Выберите обрезаемый или удлиняемый объект (плюс SHIFT) либо [реЖущие кромки/Секрамка/Режим/Проекция/уДалить/Отменить]: 
Укажите следующую точку линии выбора или [Отменить]: 
Укажите следующую точку линии выбора или [Отменить]: 
Укажите следующую точку линии выбора или [Отменить]: 
Укажите следующую точку линии выбора или [Отменить]: 

Выберите обрезаемый или удлиняемый объект (плюс SHIFT) либо [реЖущие кромки/Секрамка/Режим/Проекция/уДалить/Отменить]: 
Выберите обрезаемый или удлиняемый объект (плюс SHIFT) либо [реЖущие кромки/Секрамка/Режим/Проекция/уДалить/Отменить]: 
Укажите следующую точку линии выбора или [Отменить]: 
Укажите следующую точку линии выбора или [Отменить]: 
Укажите следующую точку линии выбора или [Отменить]: 
Укажите следующую точку линии выбора или [Отменить]: 

Выберите обрезаемый или удлиняемый объект (плюс SHIFT) либо [реЖущие кромки/Секрамка/Режим/Проекция/уДалить/Отменить]: 
Выберите обрезаемый или удлиняемый объект (плюс SHIFT) либо [реЖущие кромки/Секрамка/Режим/Проекция/уДалить/Отменить]: 
Укажите следующую точку линии выбора или [Отменить]: 
Укажите следующую точку линии выбора или [Отменить]: 
Укажите следующую точку линии выбора или [Отменить]: 
Укажите следующую точку линии выбора или [Отменить]: 

Выберите обрезаемый или удлиняемый объект (плюс SHIFT) либо [реЖущие кромки/Секрамка/Режим/Проекция/уДалить/Отменить]: 
Выберите обрезаемый или удлиняемый объект (плюс SHIFT) либо [реЖущие кромки/Секрамка/Режим/Проекция/уДалить/Отменить]: 
Укажите следующую точку линии выбора или [Отменить]: 
Укажите следующую точку линии выбора или [Отменить]: 
Укажите следующую точку линии выбора или [Отменить]: 
Укажите следующую точку линии выбора или [Отменить]: 
Выберите обрезаемый или удлиняемый объект (плюс SHIFT) либо [реЖущие кромки/Секрамка/Режим/Проекция/уДалить/Отменить]: 
Выберите обрезаемый или удлиняемый объект (плюс SHIFT) либо [реЖущие кромки/Секрамка/Режим/Проекция/уДалить/Отменить]: 
Укажите следующую точку линии выбора или [Отменить]: 
Укажите следующую точку линии выбора или [Отменить]: 
Укажите следующую точку линии выбора или [Отменить]: 
Укажите следующую точку линии выбора или [Отменить]: 

Выберите обрезаемый или удлиняемый объект (плюс SHIFT) либо [реЖущие кромки/Секрамка/Режим/Проекция/уДалить/Отменить]: 




Этот объект невозможно ОБРЕЗАТЬ.
Выберите обрезаемый или удлиняемый объект (плюс SHIFT) либо [реЖущие кромки/Секрамка/Режим/Проекция/уДалить/Отменить]: 

Выберите обрезаемый или удлиняемый объект (плюс SHIFT) либо [реЖущие кромки/Секрамка/Режим/Проекция/уДалить/Отменить]: 

Выберите обрезаемый или удлиняемый объект (плюс SHIFT) либо [реЖущие кромки/Секрамка/Режим/Проекция/уДалить/Отменить]: 
Укажите следующую точку линии выбора или [Отменить]: 
Укажите следующую точку линии выбора или [Отменить]: 
Укажите следующую точку линии выбора или [Отменить]: 
Укажите следующую точку линии выбора или [Отменить]: 

Выберите обрезаемый или удлиняемый объект (плюс SHIFT) либо [реЖущие кромки/Секрамка/Режим/Проекция/уДалить/Отменить]: 
Выберите обрезаемый или удлиняемый объект (плюс SHIFT) либо [реЖущие кромки/Секрамка/Режим/Проекция/уДалить/Отменить]: 
Укажите следующую точку линии выбора или [Отменить]: 
Укажите следующую точку линии выбора или [Отменить]: 
Укажите следующую точку линии выбора или [Отменить]: 
Укажите следующую точку линии выбора или [Отменить]: 

Выберите обрезаемый или удлиняемый объект (плюс SHIFT) либо [реЖущие кромки/Секрамка/Режим/Проекция/уДалить/Отменить]: 
Выберите обрезаемый или удлиняемый объект (плюс SHIFT) либо [реЖущие кромки/Секрамка/Режим/Проекция/уДалить/Отменить]: 
Укажите следующую точку линии выбора или [Отменить]: 
Укажите следующую точку линии выбора или [Отменить]: 
Укажите следующую точку линии выбора или [Отменить]: 
Укажите следующую точку линии выбора или [Отменить]: 

Выберите обрезаемый или удлиняемый объект (плюс SHIFT) либо [реЖущие кромки/Секрамка/Режим/Проекция/уДалить/Отменить]: *Прервано*

Команда: Задайте противоположный угол или [Линия/РМн-угол/СМн-угол]: 
Команда: 
Команда: 
Команда: _cutclip найдено: 318

Команда: Противоположный угол: 
Команда: 
Команда: 
Команда: _cutclip найдено: 1

Команда: 
Команда: 
Команда: 
Команда: _cutclip найдено: 1

Команда: Задайте противоположный угол или [Линия/РМн-угол/СМн-угол]: 
Команда: 
Команда: 
Команда: _cutclip найдено: 4

Команда: Задайте противоположный угол или [Линия/РМн-угол/СМн-угол]: 
Команда: 
Команда: 
Команда: _cutclip найдено: 10

Команда: 
Команда: *Прервано*

Команда: Задайте противоположный угол или [Линия/РМн-угол/СМн-угол]: 
Команда: 
Команда: 
Команда: _move найдено: 8

Базовая точка или [Смещение] <Смещение>: 
Вторая точка или <считать смещением первую точку>: 
Команда: *Прервано*

Команда: 
Команда: 
Команда: _line 
Первая точка: 
Следующая точка или [оТменить]: 
Следующая точка или [оТменить]: *Прервано*

Команда: Задайте противоположный угол или [Линия/РМн-угол/СМн-угол]: 
Команда: 
Команда: 
Команда: 
Команда: _trim 
Текущие параметры: проекция = ПСК, кромка = Нет, режим = Быстрый
Выбрать режущие кромки...найдено: 1

Выберите обрезаемый или удлиняемый объект (плюс SHIFT) либо [реЖущие кромки/Секрамка/Режим/Проекция/уДалить]: 
Выберите обрезаемый или удлиняемый объект (плюс SHIFT) либо [реЖущие кромки/Секрамка/Режим/Проекция/уДалить/Отменить]: 
Укажите следующую точку линии выбора или [Отменить]: 
Укажите следующую точку линии выбора или [Отменить]: 
Укажите следующую точку линии выбора или [Отменить]: 
Укажите следующую точку линии выбора или [Отменить]: 

Выберите обрезаемый или удлиняемый объект (плюс SHIFT) либо [реЖущие кромки/Секрамка/Режим/Проекция/уДалить/Отменить]: *Прервано*

Команда: 
Команда: 
Команда: _extend 
Текущие параметры: проекция = ПСК, кромка = Нет, режим = Быстрый
Выберите объект для удлинения или обрезки (SHIFT + выбор) либо
 [Кромки границы/Секрамка/РЕжим/Проекция]: 

Объект не пересекает кромку.
Выберите объект для удлинения или обрезки (SHIFT + выбор) либо
 [Кромки границы/Секрамка/РЕжим/Проекция/Отменить]: *Прервано*

Команда: 
Команда: 
Команда: _chamfer 
(Режим С ОБРЕЗКОЙ) Параметры фаски: Длина1 = 0.0000, Длина2 = 0.0000
Выберите первый отрезок или [оТменить/полИлиния/Длина/Угол/оБрезка/Метод/Несколько]: 
Выберите второй отрезок или нажмите клавишу Shift при выборе, чтобы создать угол, или [Расстояние/Угол/Метод]: 
Команда: *Прервано*

Команда: _u INTELLIZOOM INTELLIPAN INTELLIZOOM 
Команда: _u ФАСКА ГРУППА 
Команда: 
Команда: 
Команда: 
Команда: _copy найдено: 1

Текущая настройка:  Режим копирования  = Несколько
Базовая точка или [Смещение/реЖим] <Смещение>: 
Вторая точка или [Массив] <использовать для смещения первую точку>: 
Укажите вторую точку или [Массив/Выход/Отменить] <Выход>: *Прервано*

Команда: 
Команда: 
Команда: 
Команда: _trim 
Текущие параметры: проекция = ПСК, кромка = Нет, режим = Быстрый
Выбрать режущие кромки...найдено: 1

Выберите обрезаемый или удлиняемый объект (плюс SHIFT) либо [реЖущие кромки/Секрамка/Режим/Проекция/уДалить]: 

Выберите обрезаемый или удлиняемый объект (плюс SHIFT) либо [реЖущие кромки/Секрамка/Режим/Проекция/уДалить/Отменить]: 

Выберите обрезаемый или удлиняемый объект (плюс SHIFT) либо [реЖущие кромки/Секрамка/Режим/Проекция/уДалить/Отменить]: _u 
Выберите обрезаемый или удлиняемый объект (плюс SHIFT) либо [реЖущие кромки/Секрамка/Режим/Проекция/уДалить/Отменить]: _u 
Команда полностью отменена.

Выберите обрезаемый или удлиняемый объект (плюс SHIFT) либо [реЖущие кромки/Секрамка/Режим/Проекция/уДалить]: _u 

*Неверный выбор*
Требуется точка или Линия/реЖущие кромки/Секрамка/Режим/Проекция

Выберите обрезаемый или удлиняемый объект (плюс SHIFT) либо [реЖущие кромки/Секрамка/Режим/Проекция/уДалить]: _u 

*Неверный выбор*
Требуется точка или Линия/реЖущие кромки/Секрамка/Режим/Проекция

Выберите обрезаемый или удлиняемый объект (плюс SHIFT) либо [реЖущие кромки/Секрамка/Режим/Проекция/уДалить]: *Прервано*

Команда: *Прервано*

Команда: 
Команда: 
Команда: 
Команда: _trim 
Текущие параметры: проекция = ПСК, кромка = Нет, режим = Быстрый
Выбрать режущие кромки...найдено: 1

Выберите обрезаемый или удлиняемый объект (плюс SHIFT) либо [реЖущие кромки/Секрамка/Режим/Проекция/уДалить]: 

Выберите обрезаемый или удлиняемый объект (плюс SHIFT) либо [реЖущие кромки/Секрамка/Режим/Проекция/уДалить/Отменить]: 
Выберите обрезаемый или удлиняемый объект (плюс SHIFT) либо [реЖущие кромки/Секрамка/Режим/Проекция/уДалить/Отменить]: 
Укажите следующую точку линии выбора или [Отменить]: 
Укажите следующую точку линии выбора или [Отменить]: 
Укажите следующую точку линии выбора или [Отменить]: 
Укажите следующую точку линии выбора или [Отменить]: 

Выберите обрезаемый или удлиняемый объект (плюс SHIFT) либо [реЖущие кромки/Секрамка/Режим/Проекция/уДалить/Отменить]: 

Выберите обрезаемый или удлиняемый объект (плюс SHIFT) либо [реЖущие кромки/Секрамка/Режим/Проекция/уДалить/Отменить]: 

Выберите обрезаемый или удлиняемый объект (плюс SHIFT) либо [реЖущие кромки/Секрамка/Режим/Проекция/уДалить/Отменить]: 

Выберите обрезаемый или удлиняемый объект (плюс SHIFT) либо [реЖущие кромки/Секрамка/Режим/Проекция/уДалить/Отменить]: 

Выберите обрезаемый или удлиняемый объект (плюс SHIFT) либо [реЖущие кромки/Секрамка/Режим/Проекция/уДалить/Отменить]: 

Выберите обрезаемый или удлиняемый объект (плюс SHIFT) либо [реЖущие кромки/Секрамка/Режим/Проекция/уДалить/Отменить]: 

Выберите обрезаемый или удлиняемый объект (плюс SHIFT) либо [реЖущие кромки/Секрамка/Режим/Проекция/уДалить/Отменить]: 

Выберите обрезаемый или удлиняемый объект (плюс SHIFT) либо [реЖущие кромки/Секрамка/Режим/Проекция/уДалить/Отменить]: 

Выберите обрезаемый или удлиняемый объект (плюс SHIFT) либо [реЖущие кромки/Секрамка/Режим/Проекция/уДалить/Отменить]: 

Выберите обрезаемый или удлиняемый объект (плюс SHIFT) либо [реЖущие кромки/Секрамка/Режим/Проекция/уДалить/Отменить]: 

Выберите обрезаемый или удлиняемый объект (плюс SHIFT) либо [реЖущие кромки/Секрамка/Режим/Проекция/уДалить/Отменить]: 

Выберите обрезаемый или удлиняемый объект (плюс SHIFT) либо [реЖущие кромки/Секрамка/Режим/Проекция/уДалить/Отменить]: 

Выберите обрезаемый или удлиняемый объект (плюс SHIFT) либо [реЖущие кромки/Секрамка/Режим/Проекция/уДалить/Отменить]: 

Выберите обрезаемый или удлиняемый объект (плюс SHIFT) либо [реЖущие кромки/Секрамка/Режим/Проекция/уДалить/Отменить]: 

Выберите обрезаемый или удлиняемый объект (плюс SHIFT) либо [реЖущие кромки/Секрамка/Режим/Проекция/уДалить/Отменить]: 
Выберите обрезаемый или удлиняемый объект (плюс SHIFT) либо [реЖущие кромки/Секрамка/Режим/Проекция/уДалить/Отменить]: 
Укажите следующую точку линии выбора или [Отменить]: 
Укажите следующую точку линии выбора или [Отменить]: 
Укажите следующую точку линии выбора или [Отменить]: 
Укажите следующую точку линии выбора или [Отменить]: 

Выберите обрезаемый или удлиняемый объект (плюс SHIFT) либо [реЖущие кромки/Секрамка/Режим/Проекция/уДалить/Отменить]: 

Выберите обрезаемый или удлиняемый объект (плюс SHIFT) либо [реЖущие кромки/Секрамка/Режим/Проекция/уДалить/Отменить]: 

Выберите обрезаемый или удлиняемый объект (плюс SHIFT) либо [реЖущие кромки/Секрамка/Режим/Проекция/уДалить/Отменить]: 

Выберите обрезаемый или удлиняемый объект (плюс SHIFT) либо [реЖущие кромки/Секрамка/Режим/Проекция/уДалить/Отменить]: 

Выберите обрезаемый или удлиняемый объект (плюс SHIFT) либо [реЖущие кромки/Секрамка/Режим/Проекция/уДалить/Отменить]: 

Выберите обрезаемый или удлиняемый объект (плюс SHIFT) либо [реЖущие кромки/Секрамка/Режим/Проекция/уДалить/Отменить]: 
Выберите обрезаемый или удлиняемый объект (плюс SHIFT) либо [реЖущие кромки/Секрамка/Режим/Проекция/уДалить/Отменить]: 
Укажите следующую точку линии выбора или [Отменить]: 
Укажите следующую точку линии выбора или [Отменить]: 
Укажите следующую точку линии выбора или [Отменить]: 
Укажите следующую точку линии выбора или [Отменить]: 
Выберите обрезаемый или удлиняемый объект (плюс SHIFT) либо [реЖущие кромки/Секрамка/Режим/Проекция/уДалить/Отменить]: *Прервано*

Команда: *Прервано*

Команда: Задайте противоположный угол или [Линия/РМн-угол/СМн-угол]: 
Команда: 
Команда: 
Команда: _cutclip найдено: 12

Команда: Задайте противоположный угол или [Линия/РМн-угол/СМн-угол]: 
Команда: 
Команда: 
Команда: _cutclip найдено: 11

Команда: Задайте противоположный угол или [Линия/РМн-угол/СМн-угол]: 
Команда: 
Команда: 
Команда: _cutclip найдено: 3

Команда: Задайте противоположный угол или [Линия/РМн-угол/СМн-угол]: 
Команда: 
Команда: 
Команда: _cutclip найдено: 3

Команда: 
Команда: 
Команда: 
Команда: _copy найдено: 1

Текущая настройка:  Режим копирования  = Несколько
Базовая точка или [Смещение/реЖим] <Смещение>: 
Вторая точка или [Массив] <использовать для смещения первую точку>: 
Укажите вторую точку или [Массив/Выход/Отменить] <Выход>: *Прервано*

Команда: 
Команда: 
Команда: 
Команда: _trim 
Текущие параметры: проекция = ПСК, кромка = Нет, режим = Быстрый
Выбрать режущие кромки...найдено: 1

Выберите обрезаемый или удлиняемый объект (плюс SHIFT) либо [реЖущие кромки/Секрамка/Режим/Проекция/уДалить]: 
Выберите обрезаемый или удлиняемый объект (плюс SHIFT) либо [реЖущие кромки/Секрамка/Режим/Проекция/уДалить/Отменить]: 
Укажите следующую точку линии выбора или [Отменить]: 
Укажите следующую точку линии выбора или [Отменить]: 
Укажите следующую точку линии выбора или [Отменить]: 
Укажите следующую точку линии выбора или [Отменить]: 

Выберите обрезаемый или удлиняемый объект (плюс SHIFT) либо [реЖущие кромки/Секрамка/Режим/Проекция/уДалить/Отменить]: 
Выберите обрезаемый или удлиняемый объект (плюс SHIFT) либо [реЖущие кромки/Секрамка/Режим/Проекция/уДалить/Отменить]: 
Укажите следующую точку линии выбора или [Отменить]: 
Укажите следующую точку линии выбора или [Отменить]: 
Укажите следующую точку линии выбора или [Отменить]: 
Укажите следующую точку линии выбора или [Отменить]: 

Выберите обрезаемый или удлиняемый объект (плюс SHIFT) либо [реЖущие кромки/Секрамка/Режим/Проекция/уДалить/Отменить]: 
Выберите обрезаемый или удлиняемый объект (плюс SHIFT) либо [реЖущие кромки/Секрамка/Режим/Проекция/уДалить/Отменить]: 
Укажите следующую точку линии выбора или [Отменить]: 
Укажите следующую точку линии выбора или [Отменить]: 
Укажите следующую точку линии выбора или [Отменить]: 
Укажите следующую точку линии выбора или [Отменить]: 

Выберите обрезаемый или удлиняемый объект (плюс SHIFT) либо [реЖущие кромки/Секрамка/Режим/Проекция/уДалить/Отменить]: 
Выберите обрезаемый или удлиняемый объект (плюс SHIFT) либо [реЖущие кромки/Секрамка/Режим/Проекция/уДалить/Отменить]: 
Укажите следующую точку линии выбора или [Отменить]: 
Укажите следующую точку линии выбора или [Отменить]: 
Укажите следующую точку линии выбора или [Отменить]: 
Укажите следующую точку линии выбора или [Отменить]: 

Выберите обрезаемый или удлиняемый объект (плюс SHIFT) либо [реЖущие кромки/Секрамка/Режим/Проекция/уДалить/Отменить]: *Прервано*

Команда: Задайте противоположный угол или [Линия/РМн-угол/СМн-угол]: 
Команда: 
Команда: 
Команда: _cutclip найдено: 496

Команда: Задайте противоположный угол или [Линия/РМн-угол/СМн-угол]: 
Команда: 
Команда: 
Команда: _cutclip найдено: 3

Команда: Задайте противоположный угол или [Линия/РМн-угол/СМн-угол]: 
Команда: 
Команда: 
Команда: _cutclip найдено: 20

Команда: Задайте противоположный угол или [Линия/РМн-угол/СМн-угол]: 
Команда: 
Команда: 
Команда: _cutclip найдено: 63

Команда: Задайте противоположный угол или [Линия/РМн-угол/СМн-угол]: 
Команда: 
Команда: 
Команда: _cutclip найдено: 2

Команда: Задайте противоположный угол или [Линия/РМн-угол/СМн-угол]: 
Команда: 
Команда: 
Команда: _cutclip найдено: 19

Команда: Задайте противоположный угол или [Линия/РМн-угол/СМн-угол]: 
Команда: 
Команда: 
Команда: _cutclip найдено: 1

Команда: Задайте противоположный угол или [Линия/РМн-угол/СМн-угол]: 
Команда: 
Команда: 
Команда: _cutclip найдено: 2

Команда: Задайте противоположный угол или [Линия/РМн-угол/СМн-угол]: 
Команда: 
Команда: 
Команда: _cutclip найдено: 3

Команда: Задайте противоположный угол или [Линия/РМн-угол/СМн-угол]: 
Команда: Задайте противоположный угол или [Линия/РМн-угол/СМн-угол]: 
Команда: 
Команда: 
Команда: _cutclip найдено: 8

Команда: 
Команда: 
Команда: 
Команда: 
Команда: 
Команда: 
Команда: _trim 
Текущие параметры: проекция = ПСК, кромка = Нет, режим = Быстрый
Выбрать режущие кромки...найдено: 4

Выберите обрезаемый или удлиняемый объект (плюс SHIFT) либо [реЖущие кромки/Секрамка/Режим/Проекция/уДалить]: 

Выберите обрезаемый или удлиняемый объект (плюс SHIFT) либо [реЖущие кромки/Секрамка/Режим/Проекция/уДалить/Отменить]: 

Выберите обрезаемый или удлиняемый объект (плюс SHIFT) либо [реЖущие кромки/Секрамка/Режим/Проекция/уДалить/Отменить]: 

Выберите обрезаемый или удлиняемый объект (плюс SHIFT) либо [реЖущие кромки/Секрамка/Режим/Проекция/уДалить/Отменить]: 

Выберите обрезаемый или удлиняемый объект (плюс SHIFT) либо [реЖущие кромки/Секрамка/Режим/Проекция/уДалить/Отменить]: 

Выберите обрезаемый или удлиняемый объект (плюс SHIFT) либо [реЖущие кромки/Секрамка/Режим/Проекция/уДалить/Отменить]: 

Выберите обрезаемый или удлиняемый объект (плюс SHIFT) либо [реЖущие кромки/Секрамка/Режим/Проекция/уДалить/Отменить]: 

Выберите обрезаемый или удлиняемый объект (плюс SHIFT) либо [реЖущие кромки/Секрамка/Режим/Проекция/уДалить/Отменить]: 

Выберите обрезаемый или удлиняемый объект (плюс SHIFT) либо [реЖущие кромки/Секрамка/Режим/Проекция/уДалить/Отменить]: *Прервано*

Команда: *Прервано*

Команда: Задайте противоположный угол или [Линия/РМн-угол/СМн-угол]: 
Команда: Задайте противоположный угол или [Линия/РМн-угол/СМн-угол]: 
Команда: 
Команда: 
Команда: _move найдено: 16

Базовая точка или [Смещение] <Смещение>: 
Вторая точка или <считать смещением первую точку>: 
Команда: *Прервано*

Команда: 
Команда: 
Команда: _line 
Первая точка: 
Следующая точка или [оТменить]: 
Следующая точка или [оТменить]: *Прервано*

Команда: 
Команда: 
Команда: _line 
Первая точка: 
Следующая точка или [оТменить]: *Прервано*

Команда: 
Команда: 
Команда: _line 
Первая точка: 
Следующая точка или [оТменить]: 570

Следующая точка или [оТменить]: 
Следующая точка или [Замкнуть/Отменить]: *Прервано*

Команда: Задайте противоположный угол или [Линия/РМн-угол/СМн-угол]: 
Команда: 
Команда: 
Команда: _cutclip найдено: 1

Команда: 
Команда: 
Команда: _chamfer 
(Режим С ОБРЕЗКОЙ) Параметры фаски: Длина1 = 0.0000, Длина2 = 0.0000
Выберите первый отрезок или [оТменить/полИлиния/Длина/Угол/оБрезка/Метод/Несколько]: 
Выберите второй отрезок или нажмите клавишу Shift при выборе, чтобы создать угол, или [Расстояние/Угол/Метод]: 
Команда: 
Команда: 
Команда: _line 
Первая точка: 
Следующая точка или [оТменить]: *Прервано*
*Прервано*

Команда: *Прервано*

Команда: 
Команда: 
Команда: 
Команда: _move найдено: 1

Базовая точка или [Смещение] <Смещение>: 
Вторая точка или <считать смещением первую точку>: 
Команда: 
Команда: 
Команда: _chamfer 
(Режим С ОБРЕЗКОЙ) Параметры фаски: Длина1 = 0.0000, Длина2 = 0.0000
Выберите первый отрезок или [оТменить/полИлиния/Длина/Угол/оБрезка/Метод/Несколько]: 
Выберите второй отрезок или нажмите клавишу Shift при выборе, чтобы создать угол, или [Расстояние/Угол/Метод]: 
Команда: 
Команда: *Прервано*

Команда: 
Команда: 
Команда: _chamfer 
(Режим С ОБРЕЗКОЙ) Параметры фаски: Длина1 = 0.0000, Длина2 = 0.0000
Выберите первый отрезок или [оТменить/полИлиния/Длина/Угол/оБрезка/Метод/Несколько]: 
Выберите второй отрезок или нажмите клавишу Shift при выборе, чтобы создать угол, или [Расстояние/Угол/Метод]: 
Команда: 
Команда: 
Команда: _chamfer 
(Режим С ОБРЕЗКОЙ) Параметры фаски: Длина1 = 0.0000, Длина2 = 0.0000
Выберите первый отрезок или [оТменить/полИлиния/Длина/Угол/оБрезка/Метод/Несколько]: 
Выберите второй отрезок или нажмите клавишу Shift при выборе, чтобы создать угол, или [Расстояние/Угол/Метод]: 
Команда: 
Команда: 
Команда: _chamfer 
(Режим С ОБРЕЗКОЙ) Параметры фаски: Длина1 = 0.0000, Длина2 = 0.0000
Выберите первый отрезок или [оТменить/полИлиния/Длина/Угол/оБрезка/Метод/Несколько]: 
Выберите второй отрезок или нажмите клавишу Shift при выборе, чтобы создать угол, или [Расстояние/Угол/Метод]: 
Команда: *Прервано*

Команда: 
Команда: *Прервано*

Команда: 
Команда: 
Команда: _line 
Первая точка: 
Следующая точка или [оТменить]: 570

Следующая точка или [оТменить]: 
Следующая точка или [Замкнуть/Отменить]: *Прервано*

Команда: 
Команда: 
Команда: 
Команда: _cutclip найдено: 1

Команда: 
Команда: 
Команда: _line 
Первая точка: 
Следующая точка или [оТменить]: 570

Следующая точка или [оТменить]: *Прервано*

Команда: 
Команда: 
Команда: _line 
Первая точка: 
Следующая точка или [оТменить]: 
Следующая точка или [оТменить]: *Прервано*

Команда: 
Команда: 
Команда: 
Команда: _cutclip найдено: 1

Команда: 
Команда: 
Команда: _chamfer 
(Режим С ОБРЕЗКОЙ) Параметры фаски: Длина1 = 0.0000, Длина2 = 0.0000
Выберите первый отрезок или [оТменить/полИлиния/Длина/Угол/оБрезка/Метод/Несколько]: 
Выберите второй отрезок или нажмите клавишу Shift при выборе, чтобы создать угол, или [Расстояние/Угол/Метод]: 
Команда: 
Команда: 
Команда: _chamfer 
(Режим С ОБРЕЗКОЙ) Параметры фаски: Длина1 = 0.0000, Длина2 = 0.0000
Выберите первый отрезок или [оТменить/полИлиния/Длина/Угол/оБрезка/Метод/Несколько]: 
Выберите второй отрезок или нажмите клавишу Shift при выборе, чтобы создать угол, или [Расстояние/Угол/Метод]: 
Команда: 
Команда: 
Команда: _chamfer 
(Режим С ОБРЕЗКОЙ) Параметры фаски: Длина1 = 0.0000, Длина2 = 0.0000
Выберите первый отрезок или [оТменить/полИлиния/Длина/Угол/оБрезка/Метод/Несколько]: 
Выберите второй отрезок или нажмите клавишу Shift при выборе, чтобы создать угол, или [Расстояние/Угол/Метод]: 
Команда: *Прервано*

Команда: 
Команда: 
Команда: 
Команда: _trim 
Текущие параметры: проекция = ПСК, кромка = Нет, режим = Быстрый
Выбрать режущие кромки...найдено: 1

Выберите обрезаемый или удлиняемый объект (плюс SHIFT) либо [реЖущие кромки/Секрамка/Режим/Проекция/уДалить]: 
Выберите обрезаемый или удлиняемый объект (плюс SHIFT) либо [реЖущие кромки/Секрамка/Режим/Проекция/уДалить/Отменить]: 
Укажите следующую точку линии выбора или [Отменить]: 
Укажите следующую точку линии выбора или [Отменить]: 
Укажите следующую точку линии выбора или [Отменить]: *Прервано*

Команда: 
Команда: 
Команда: 
Команда: _trim 
Текущие параметры: проекция = ПСК, кромка = Нет, режим = Быстрый
Выбрать режущие кромки...найдено: 1

Выберите обрезаемый или удлиняемый объект (плюс SHIFT) либо [реЖущие кромки/Секрамка/Режим/Проекция/уДалить]: 
Выберите обрезаемый или удлиняемый объект (плюс SHIFT) либо [реЖущие кромки/Секрамка/Режим/Проекция/уДалить/Отменить]: 
Укажите следующую точку линии выбора или [Отменить]: 
Укажите следующую точку линии выбора или [Отменить]: 
Укажите следующую точку линии выбора или [Отменить]: 
Укажите следующую точку линии выбора или [Отменить]: 

Выберите обрезаемый или удлиняемый объект (плюс SHIFT) либо [реЖущие кромки/Секрамка/Режим/Проекция/уДалить/Отменить]: 
Выберите обрезаемый или удлиняемый объект (плюс SHIFT) либо [реЖущие кромки/Секрамка/Режим/Проекция/уДалить/Отменить]: 
Укажите следующую точку линии выбора или [Отменить]: 
Укажите следующую точку линии выбора или [Отменить]: 
Укажите следующую точку линии выбора или [Отменить]: 
Укажите следующую точку линии выбора или [Отменить]: 

Выберите обрезаемый или удлиняемый объект (плюс SHIFT) либо [реЖущие кромки/Секрамка/Режим/Проекция/уДалить/Отменить]: _u 
Выберите обрезаемый или удлиняемый объект (плюс SHIFT) либо [реЖущие кромки/Секрамка/Режим/Проекция/уДалить/Отменить]: *Прервано*

Команда: *Прервано*

Команда: 
Команда: *Прервано*

Команда: 
Команда: *Прервано*

Команда: 
Команда: Задайте противоположный угол или [Линия/РМн-угол/СМн-угол]: *Прервано*

Команда: 
Команда: 
Команда: 
Команда: 
Команда: 
Команда: _join найдено: 4

Преобразовано объектов: 4, получена 1 полилиния
Команда: 
Команда: 
Команда: 
Команда: _trim 
Текущие параметры: проекция = ПСК, кромка = Нет, режим = Быстрый
Выбрать режущие кромки...найдено: 1

Выберите обрезаемый или удлиняемый объект (плюс SHIFT) либо [реЖущие кромки/Секрамка/Режим/Проекция/уДалить]: 
Выберите обрезаемый или удлиняемый объект (плюс SHIFT) либо [реЖущие кромки/Секрамка/Режим/Проекция/уДалить/Отменить]: 
Укажите следующую точку линии выбора или [Отменить]: 
Укажите следующую точку линии выбора или [Отменить]: 
Укажите следующую точку линии выбора или [Отменить]: 
Укажите следующую точку линии выбора или [Отменить]: 

Выберите обрезаемый или удлиняемый объект (плюс SHIFT) либо [реЖущие кромки/Секрамка/Режим/Проекция/уДалить/Отменить]: 
Выберите обрезаемый или удлиняемый объект (плюс SHIFT) либо [реЖущие кромки/Секрамка/Режим/Проекция/уДалить/Отменить]: 
Укажите следующую точку линии выбора или [Отменить]: 
Укажите следующую точку линии выбора или [Отменить]: 
Укажите следующую точку линии выбора или [Отменить]: 
Укажите следующую точку линии выбора или [Отменить]: 

Выберите обрезаемый или удлиняемый объект (плюс SHIFT) либо [реЖущие кромки/Секрамка/Режим/Проекция/уДалить/Отменить]: 
Выберите обрезаемый или удлиняемый объект (плюс SHIFT) либо [реЖущие кромки/Секрамка/Режим/Проекция/уДалить/Отменить]: 
Укажите следующую точку линии выбора или [Отменить]: 
Укажите следующую точку линии выбора или [Отменить]: 
Укажите следующую точку линии выбора или [Отменить]: 
Укажите следующую точку линии выбора или [Отменить]: 

Выберите обрезаемый или удлиняемый объект (плюс SHIFT) либо [реЖущие кромки/Секрамка/Режим/Проекция/уДалить/Отменить]: 
Выберите обрезаемый или удлиняемый объект (плюс SHIFT) либо [реЖущие кромки/Секрамка/Режим/Проекция/уДалить/Отменить]: 
Укажите следующую точку линии выбора или [Отменить]: 
Укажите следующую точку линии выбора или [Отменить]: 
Укажите следующую точку линии выбора или [Отменить]: 
Укажите следующую точку линии выбора или [Отменить]: 

Выберите обрезаемый или удлиняемый объект (плюс SHIFT) либо [реЖущие кромки/Секрамка/Режим/Проекция/уДалить/Отменить]: *Прервано*

Команда: *Прервано*

Команда: Задайте противоположный угол или [Линия/РМн-угол/СМн-угол]: 
Команда: 
Команда: 
Команда: _move найдено: 6

Базовая точка или [Смещение] <Смещение>: 
Вторая точка или <считать смещением первую точку>: 
Команда: Задайте противоположный угол или [Линия/РМн-угол/СМн-угол]: 
Команда: 
Команда: 
Команда: _move найдено: 12

Базовая точка или [Смещение] <Смещение>: 
Вторая точка или <считать смещением первую точку>: 
Команда: *Прервано*

Команда: 
Команда: 
Команда: 
Команда: _cutclip найдено: 1

Команда: 
Команда: *Прервано*

Команда: Задайте противоположный угол или [Линия/РМн-угол/СМн-угол]: 
Команда: Задайте противоположный угол или [Линия/РМн-угол/СМн-угол]: 
Команда: Задайте противоположный угол или [Линия/РМн-угол/СМн-угол]: 
Команда: 
Команда: 
Команда: _move найдено: 5

Базовая точка или [Смещение] <Смещение>: 
Вторая точка или <считать смещением первую точку>: 
Команда: *Прервано*

Команда: 
Команда: *Прервано*

Команда: 
Команда: 
Команда: 
** РАСТЯНУТЬ **
Точка растягивания или [Базовая точка/Копировать/ОТменить/выХод]
Команда: *Прервано*

Команда: 
Команда: 
** РАСТЯНУТЬ **
Точка растягивания или [Базовая точка/Копировать/ОТменить/выХод]
Команда: *Прервано*

Команда: Задайте противоположный угол или [Линия/РМн-угол/СМн-угол]: 
Команда: 
Команда: 
Команда: _move найдено: 57

Базовая точка или [Смещение] <Смещение>: *Прервано*

Команда: *Прервано*

Команда: 
Команда: 
Команда: 
Команда:   

Команда: 
Команда: 
Команда: *Прервано*

Команда: 
Команда: 
 
** РАСТЯГИВАНИЕ **
Точка растягивания или [Базовая точка/Копировать/ОТменить/выХод]: 
Команда: *Прервано*

Команда: 
Команда: *Прервано*

Команда: Задайте противоположный угол или [Линия/РМн-угол/СМн-угол]: *Прервано*

Команда: 
Команда: *Прервано*

Команда: _u INTELLIZOOM 
Команда: _u Редактирование с помощью ручек 
Команда: _u INTELLIZOOM 
Команда: _u ГРУППА На передний план Выполняется регенерация модели.

Команда: 
Команда: 
 
** РАСТЯГИВАНИЕ **
Точка растягивания или [Базовая точка/Копировать/ОТменить/выХод]: 
Команда: 
Команда: 
Команда: _move найдено: 1

Базовая точка или [Смещение] <Смещение>: 
Вторая точка или <считать смещением первую точку>: 
Команда: *Прервано*

Команда: 
Команда: 
Команда: Задайте противоположный угол или [Линия/РМн-угол/СМн-угол]: *Прервано*

Команда: 
Команда: 
Команда: 
Команда: _mtedit 
Команда: *Прервано*

Команда: 
Команда: 
Команда: *Прервано*

Команда: Задайте противоположный угол или [Линия/РМн-угол/СМн-угол]: *Прервано*

Команда: 
Команда: _move 
Выберите объекты: *Прервано*

Команда: *Прервано*

Команда: 
Команда: 
Команда: 
Команда: _move найдено: 1

Базовая точка или [Смещение] <Смещение>: 
Вторая точка или <считать смещением первую точку>: 
Команда: *Прервано*

Команда: 
Команда: 
Команда: 
Команда: _move найдено: 1

Базовая точка или [Смещение] <Смещение>: 
Вторая точка или <считать смещением первую точку>: *Прервано*

Команда: Задайте противоположный угол или [Линия/РМн-угол/СМн-угол]: 
Команда: 
Команда: 
Команда: _move найдено: 58

Базовая точка или [Смещение] <Смещение>: 
Вторая точка или <считать смещением первую точку>: 
Команда: *Прервано*

Команда: Задайте противоположный угол или [Линия/РМн-угол/СМн-угол]: 
Команда: 
Команда: 
Команда: _move найдено: 1127

Базовая точка или [Смещение] <Смещение>: 
Вторая точка или <считать смещением первую точку>: 
Команда: *Прервано*

Команда: 
Команда: 
** РАСТЯНУТЬ **
Точка растягивания или [Базовая точка/Копировать/ОТменить/выХод]
Команда: *Прервано*

Команда: Задайте противоположный угол или [Линия/РМн-угол/СМн-угол]: 
Команда: 
Команда: 
Команда: _move найдено: 2

Базовая точка или [Смещение] <Смещение>: 
Вторая точка или <считать смещением первую точку>: 
Команда: *Прервано*

Команда: 
Команда: 
** РАСТЯНУТЬ **
Задайте точку для растяжения или [Базовая точка/Копировать/oТменить/выХод]:
Команда: *Прервано*

Команда: 
Команда: 
** РАСТЯНУТЬ **
Задайте точку для растяжения или [Базовая точка/Копировать/oТменить/выХод]:
Команда: *Прервано*

Команда: 
Команда: *Прервано*

Команда: 
Команда: 
Команда: 
Команда: _mtedit 
Команда: *Прервано*

Команда: Задайте противоположный угол или [Линия/РМн-угол/СМн-угол]: 
Команда: 
Команда: 
Команда: _move найдено: 2

Базовая точка или [Смещение] <Смещение>: 
Вторая точка или <считать смещением первую точку>: 
Команда: *Прервано*

Команда: Задайте противоположный угол или [Линия/РМн-угол/СМн-угол]: 
Команда: 
Команда: 
 
** РАСТЯГИВАНИЕ **
Точка растягивания или [Базовая точка/Копировать/ОТменить/выХод]: 
Команда: *Прервано*

Команда: 
Команда: 
Команда: 
Команда: 
Команда: 
Команда: _mtedit 
Команда: *Прервано*

Команда: *Прервано*

Команда: 
Команда: 
Команда: 
Команда: _move найдено: 1

Базовая точка или [Смещение] <Смещение>: 
Вторая точка или <считать смещением первую точку>: 
Команда: *Прервано*

Команда: Задайте противоположный угол или [Линия/РМн-угол/СМн-угол]: *Прервано*

Команда: 
Команда: 
** РАСТЯНУТЬ **
Задайте точку для растяжения или [Базовая точка/Копировать/oТменить/выХод]:*Прервано*

Команда: *Прервано*

Команда: 
Команда: *Прервано*

Команда: Задайте противоположный угол или [Линия/РМн-угол/СМн-угол]: 
Команда: 
Команда: 
Команда: _move найдено: 58

Базовая точка или [Смещение] <Смещение>: 
Вторая точка или <считать смещением первую точку>: 
Команда: *Прервано*

Команда: 
Команда: 
Команда: 
Команда: _move найдено: 1

Базовая точка или [Смещение] <Смещение>: 
Вторая точка или <считать смещением первую точку>: 
Команда: *Прервано*

Команда: 
Команда: *Прервано*

Команда: 
Команда: 
Команда: _rectang 
Укажите точку первого угла или [Фаска/Уровень/Сопряжение/Толщина/Ширина]: 
Укажите точку второго угла или [Площадь/Размеры/поВорот]: 
Команда: *Прервано*

Команда: 
Команда: *Прервано*

Команда: 
Команда: 
Команда: 
Команда: _copy найдено: 1

Текущая настройка:  Режим копирования  = Несколько
Базовая точка или [Смещение/реЖим] <Смещение>: 
Вторая точка или [Массив] <использовать для смещения первую точку>: 
Укажите вторую точку или [Массив/Выход/Отменить] <Выход>: *Прервано*

Команда: 
Команда:  
Команда: *Прервано*

Команда: Задайте противоположный угол или [Линия/РМн-угол/СМн-угол]: 
Команда: 
** РАСТЯНУТЬ **
Точка растягивания или [Базовая точка/Копировать/ОТменить/выХод]
Команда: *Прервано*

Команда: Задайте противоположный угол или [Линия/РМн-угол/СМн-угол]: 
Команда: 
Команда: 
Команда: _cutclip найдено: 4

Команда: 
Команда: 
Команда: 
Команда: _cutclip найдено: 1

Команда: 
Команда: 
 
** РАСТЯГИВАНИЕ **
Точка растягивания или [Базовая точка/Копировать/ОТменить/выХод]: *Прервано*

Команда: 
** РАСТЯНУТЬ **
Точка растягивания или [Базовая точка/Копировать/ОТменить/выХод]
Команда: *Прервано*

Команда: 
Команда: 
** РАСТЯНУТЬ **
Точка растягивания или [Базовая точка/Копировать/ОТменить/выХод]
Команда: *Прервано*

Команда: Задайте противоположный угол или [Линия/РМн-угол/СМн-угол]: 
Команда: 
Команда: 
Команда: _move найдено: 2

Базовая точка или [Смещение] <Смещение>: 
Вторая точка или <считать смещением первую точку>: 
Команда: *Прервано*

Команда: 
Команда: 
Команда: 
Команда: _move найдено: 1

Базовая точка или [Смещение] <Смещение>: 
Вторая точка или <считать смещением первую точку>: 
Команда: *Прервано*

Команда: Задайте противоположный угол или [Линия/РМн-угол/СМн-угол]: 
Команда: 
Команда: 
Команда: _move найдено: 1127

Базовая точка или [Смещение] <Смещение>: 
Вторая точка или <считать смещением первую точку>: 
Команда: *Прервано*

Команда: Задайте противоположный угол или [Линия/РМн-угол/СМн-угол]: 
Команда: 
Команда: 
Команда: _move найдено: 1126

Базовая точка или [Смещение] <Смещение>: 
Вторая точка или <считать смещением первую точку>: 
Команда: *Прервано*

Команда: Задайте противоположный угол или [Линия/РМн-угол/СМн-угол]: 
Команда: 
Команда: 
Команда: _move найдено: 54

Базовая точка или [Смещение] <Смещение>: 
Вторая точка или <считать смещением первую точку>: *Прервано*

Команда: Задайте противоположный угол или [Линия/РМн-угол/СМн-угол]: 
Команда: 
Команда: 
Команда: 
Команда: _move найдено: 55

Базовая точка или [Смещение] <Смещение>: 
Вторая точка или <считать смещением первую точку>: 
Команда: *Прервано*

Команда: 
Команда: 
Команда: 
Команда: _move найдено: 1

Базовая точка или [Смещение] <Смещение>: 
Вторая точка или <считать смещением первую точку>: 
Команда: *Прервано*

Команда: Задайте противоположный угол или [Линия/РМн-угол/СМн-угол]: 
Команда: 
Команда: 
Команда: _join найдено: 2

Объединено линий: 2, получена 1 линия
Команда: Задайте противоположный угол или [Линия/РМн-угол/СМн-угол]: 
Команда: 
Команда: 
Команда: _join найдено: 2

Объединено линий: 2, получена 1 линия
Команда: Задайте противоположный угол или [Линия/РМн-угол/СМн-угол]: 
Команда: 
Команда: 
Команда: _move найдено: 8

Базовая точка или [Смещение] <Смещение>: 
Вторая точка или <считать смещением первую точку>: 
Команда: 
Команда: 
Команда: _line 
Первая точка: 
Следующая точка или [оТменить]: 
Следующая точка или [оТменить]: *Прервано*

Команда: 
Команда: 
Команда: 
Команда: _trim 
Текущие параметры: проекция = ПСК, кромка = Нет, режим = Быстрый
Выбрать режущие кромки...найдено: 1

Выберите обрезаемый или удлиняемый объект (плюс SHIFT) либо [реЖущие кромки/Секрамка/Режим/Проекция/уДалить]: 
Выберите обрезаемый или удлиняемый объект (плюс SHIFT) либо [реЖущие кромки/Секрамка/Режим/Проекция/уДалить/Отменить]: 
Укажите следующую точку линии выбора или [Отменить]: 
Укажите следующую точку линии выбора или [Отменить]: 
Укажите следующую точку линии выбора или [Отменить]: 
Укажите следующую точку линии выбора или [Отменить]: 

Выберите обрезаемый или удлиняемый объект (плюс SHIFT) либо [реЖущие кромки/Секрамка/Режим/Проекция/уДалить/Отменить]: *Прервано*

Команда: 
Команда: 
Команда: 
Команда: _cutclip найдено: 1

Команда: Задайте противоположный угол или [Линия/РМн-угол/СМн-угол]: 
Команда: 
Команда: 
Команда: _move найдено: 52

Базовая точка или [Смещение] <Смещение>: 
Вторая точка или <считать смещением первую точку>: 
Команда: Задайте противоположный угол или [Линия/РМн-угол/СМн-угол]: 
Команда: 
Команда: 
Команда: _move найдено: 53

Базовая точка или [Смещение] <Смещение>: 
Вторая точка или <считать смещением первую точку>: 
Команда: *Прервано*

Команда: 
Команда: 
Команда: 
Команда: _copy найдено: 1

Текущая настройка:  Режим копирования  = Несколько
Базовая точка или [Смещение/реЖим] <Смещение>: 
Вторая точка или [Массив] <использовать для смещения первую точку>: 
Укажите вторую точку или [Массив/Выход/Отменить] <Выход>: *Прервано*

Команда: 
Команда: 
Команда: 
Команда: _mtedit 
Команда: 
Команда: 
Команда: 
Команда: _move найдено: 1

Базовая точка или [Смещение] <Смещение>: 
Вторая точка или <считать смещением первую точку>: 
Команда: *Прервано*

Команда: Задайте противоположный угол или [Линия/РМн-угол/СМн-угол]: *Прервано*

Команда: 
Команда: 
Команда: 
Команда: _mtedit 
Команда: *Прервано*

Команда: Задайте противоположный угол или [Линия/РМн-угол/СМн-угол]: 
Команда: 
Команда: 
Команда: _copy найдено: 2

Текущая настройка:  Режим копирования  = Несколько
Базовая точка или [Смещение/реЖим] <Смещение>: 
Вторая точка или [Массив] <использовать для смещения первую точку>: 
Укажите вторую точку или [Массив/Выход/Отменить] <Выход>: *Прервано*

Команда: Задайте противоположный угол или [Линия/РМн-угол/СМн-угол]: 
Команда: 
Команда: 
Команда: _rotate 
Текущие установки отсчета углов в ПСК:  ANGDIR=против ч/с  ANGBASE=0
найдено: 2

Базовая точка: 
Угол поворота или [Копия/Опорный угол] <90>: 
Команда: Задайте противоположный угол или [Линия/РМн-угол/СМн-угол]: 
Команда: Задайте противоположный угол или [Линия/РМн-угол/СМн-угол]: 
Команда: 
Команда: 
Команда: _move найдено: 2

Базовая точка или [Смещение] <Смещение>: 
Вторая точка или <считать смещением первую точку>: 
Команда: *Прервано*

Команда: 
Команда: 
Команда: _line 
Первая точка: 
Следующая точка или [оТменить]: 
Следующая точка или [оТменить]: *Прервано*

Команда: Задайте противоположный угол или [Линия/РМн-угол/СМн-угол]: 
Команда: 
Команда: 
Команда: _move найдено: 2

Базовая точка или [Смещение] <Смещение>: 
Вторая точка или <считать смещением первую точку>: 
Команда: *Прервано*

Команда: 
Команда: 
Команда: 
Команда: _cutclip найдено: 1

Команда: Задайте противоположный угол или [Линия/РМн-угол/СМн-угол]: 
Команда: 
Команда: 
Команда: _copy найдено: 4

Текущая настройка:  Режим копирования  = Несколько
Базовая точка или [Смещение/реЖим] <Смещение>: 
Вторая точка или [Массив] <использовать для смещения первую точку>: 
Укажите вторую точку или [Массив/Выход/Отменить] <Выход>: *Прервано*

Команда: Задайте противоположный угол или [Линия/РМн-угол/СМн-угол]: 
Команда: 
Команда: 
Команда: _cutclip найдено: 2

Команда: Задайте противоположный угол или [Линия/РМн-угол/СМн-угол]: 
Команда: 
Команда: 
Команда: _rotate 
Текущие установки отсчета углов в ПСК:  ANGDIR=против ч/с  ANGBASE=0
найдено: 4

Базовая точка: 
Угол поворота или [Копия/Опорный угол] <180>: 
Команда: *Прервано*

Команда: Задайте противоположный угол или [Линия/РМн-угол/СМн-угол]: 
Команда: 
Команда: 
Команда: _move найдено: 4

Базовая точка или [Смещение] <Смещение>: 
Вторая точка или <считать смещением первую точку>: 
Команда: *Прервано*

Команда: Задайте противоположный угол или [Линия/РМн-угол/СМн-угол]: 
Команда: Задайте противоположный угол или [Линия/РМн-угол/СМн-угол]: 
Команда: 
Команда: 
Команда: _move найдено: 5

Базовая точка или [Смещение] <Смещение>: 
Вторая точка или <считать смещением первую точку>: 
Команда: *Прервано*

Команда: 
Команда: 
Команда: _rectang 
Укажите точку первого угла или [Фаска/Уровень/Сопряжение/Толщина/Ширина]: 
Укажите точку второго угла или [Площадь/Размеры/поВорот]: 
Команда: '_matchprop 
Текущие активные настройки:  Цвет Слой Тип Лмасштаб Вес линий Прозрачность Толщина Стиль печати Размер Текст Штриховка Полилиния ВЭкран Таблица Материал Мультивыноска Центральный объект 

Выберите целевой объект(ы) или [Настройки]: 

Выберите целевой объект(ы) или [Настройки]: *Прервано*

Команда: 
Команда: 
Команда: _rectang 
Укажите точку первого угла или [Фаска/Уровень/Сопряжение/Толщина/Ширина]: 
Укажите точку второго угла или [Площадь/Размеры/поВорот]: 
Команда: *Прервано*

Команда: _u INTELLIPAN 
Команда: _u ПРЯМОУГОЛЬНИК ГРУППА 
Команда: 
Команда: 
Команда: 
Команда: _copy найдено: 1

Текущая настройка:  Режим копирования  = Несколько
Базовая точка или [Смещение/реЖим] <Смещение>: 
Вторая точка или [Массив] <использовать для смещения первую точку>: 
Укажите вторую точку или [Массив/Выход/Отменить] <Выход>: *Прервано*

Команда: Задайте противоположный угол или [Линия/РМн-угол/СМн-угол]: *Прервано*

Команда: '_matchprop 
Текущие активные настройки:  Цвет Слой Тип Лмасштаб Вес линий Прозрачность Толщина Стиль печати Размер Текст Штриховка Полилиния ВЭкран Таблица Материал Мультивыноска Центральный объект 

Выберите целевой объект(ы) или [Настройки]: 

Выберите целевой объект(ы) или [Настройки]: *Прервано*

Команда: Задайте противоположный угол или [Линия/РМн-угол/СМн-угол]: 
Команда: Задайте противоположный угол или [Линия/РМн-угол/СМн-угол]: 
Команда: 
Команда: 
Команда: _copy найдено: 6

Текущая настройка:  Режим копирования  = Несколько
Базовая точка или [Смещение/реЖим] <Смещение>: *Прервано*

Команда: Задайте противоположный угол или [Линия/РМн-угол/СМн-угол]: 
Команда: Задайте противоположный угол или [Линия/РМн-угол/СМн-угол]: 
Команда: 
Команда: 
Команда: _copy найдено: 6

Текущая настройка:  Режим копирования  = Несколько
Базовая точка или [Смещение/реЖим] <Смещение>: 
Вторая точка или [Массив] <использовать для смещения первую точку>: 
Укажите вторую точку или [Массив/Выход/Отменить] <Выход>: *Прервано*

Команда: Задайте противоположный угол или [Линия/РМн-угол/СМн-угол]: 
Команда: 
Команда: 
Команда: _move найдено: 1

Базовая точка или [Смещение] <Смещение>: 
Вторая точка или <считать смещением первую точку>: 
Команда: *Прервано*

Команда: Задайте противоположный угол или [Линия/РМн-угол/СМн-угол]: 
Команда: 
Команда: 
Команда: _move найдено: 1

Базовая точка или [Смещение] <Смещение>: 
Вторая точка или <считать смещением первую точку>: 
Команда: *Прервано*

Команда: 
Команда: 
Команда: _line 
Первая точка: *Прервано*

Команда: Задайте противоположный угол или [Линия/РМн-угол/СМн-угол]: 
Команда: 
Команда: 
Команда: _move найдено: 1

Базовая точка или [Смещение] <Смещение>: 
Вторая точка или <считать смещением первую точку>: 
Команда: *Прервано*

Команда: Задайте противоположный угол или [Линия/РМн-угол/СМн-угол]: 
Команда: 
Команда: 
Команда: _move найдено: 4

Базовая точка или [Смещение] <Смещение>: 
Вторая точка или <считать смещением первую точку>: 
Команда: *Прервано*

Команда: Задайте противоположный угол или [Линия/РМн-угол/СМн-угол]: 
Команда: 
Команда: 
Команда: _move найдено: 2

Базовая точка или [Смещение] <Смещение>: 
Вторая точка или <считать смещением первую точку>: 
Команда: *Прервано*

Команда: Задайте противоположный угол или [Линия/РМн-угол/СМн-угол]: 
Команда: 
Команда: 
Команда: _cutclip найдено: 2

Команда: Задайте противоположный угол или [Линия/РМн-угол/СМн-угол]: 
Команда: 
Команда: 
Команда: _move найдено: 53

Базовая точка или [Смещение] <Смещение>: 
Вторая точка или <считать смещением первую точку>: 
Команда: *Прервано*

Команда: Задайте противоположный угол или [Линия/РМн-угол/СМн-угол]: 
Команда: 
Команда: 
Команда: _move найдено: 53

Базовая точка или [Смещение] <Смещение>: 
Вторая точка или <считать смещением первую точку>: 
Команда: 
Автоматическое сохранение в C:\Users\user\AppData\Local\Temp\РД_1_21763_bae9af4e.sv$ ...

Команда: 
Команда: Противоположный угол: 
Команда: *Прервано*

Команда: Задайте противоположный угол или [Линия/РМн-угол/СМн-угол]: 
Команда: 
Команда: 
Команда: _copybase 
Базовая точка: найдено: 1

Команда: *Прервано*

Команда: 
Команда: 
Команда: _pasteclip Подстановка [simplex.shx] вместо [T-FLEX Type A].
Подстановка [simplex.shx] вместо [EskdWin32.shx].
Точка вставки: 
Команда: *Прервано*

Команда: Противоположный угол: 
Команда:  

Команда: *Прервано*

Команда: Противоположный угол: 
Команда: 
Команда: 
Команда: _EditTableCell 
Enter option  [Operation/Content/Format/Style/Datalink/Quit/ExecuteOneAction]: _O 
Enter option  [BAck/insert ABove/insert BElow/delete ROw/insert LEft/insert RIght/delete COlumn/Merge/Unmerge/insert FOrmula/insert BLock/insert FIeld/BOrder/Quit]: _RO 
Enter option  [BAck/insert ABove/insert BElow/delete ROw/insert LEft/insert RIght/delete COlumn/Merge/Unmerge/insert FOrmula/insert BLock/insert FIeld/BOrder/Quit]: _Q 
Команда: Противоположный угол: 
Команда:  

Команда: Противоположный угол: 
Команда:  

Команда: Противоположный угол: 
Команда: Противоположный угол: 
Команда:  

Команда: *Прервано*

Команда: Противоположный угол: 
Команда:  

Команда: Противоположный угол: 
Команда:  

Команда: Противоположный угол: 
Команда:  

Команда: Противоположный угол: 
Команда: Противоположный угол: 
Команда: Противоположный угол: 
Команда:  

Команда: Противоположный угол: 
Команда:  

Команда: Противоположный угол: 
Команда:  

Команда: Противоположный угол: 
Команда:  

Команда: 
Команда: 
Команда: 
Команда: _mtedit 
Команда: Противоположный угол: 
Команда:  

Команда: *Прервано*

Команда: Противоположный угол: 
Команда:  

Команда: Противоположный угол: 
Команда:  

Команда: Противоположный угол: 
Команда:  

Команда: Противоположный угол: 
Команда:  

Команда: *Прервано*

Команда: Противоположный угол: 
Команда: Противоположный угол: 
Команда:  

Команда: Противоположный угол: 
Команда: *Прервано*

Команда: Противоположный угол: 
Команда:  

Команда: Противоположный угол: 
Команда:  

Команда: Противоположный угол: 
Команда:  

Команда: Противоположный угол: 
Команда:  

Команда: Противоположный угол: 
Команда:  

Команда: Противоположный угол: 
Команда:  

Команда: _u ТАБЛРЕД 
Команда: Противоположный угол: 
Команда:  

Команда: Противоположный угол: 
Команда:  

Команда: Противоположный угол: 
Команда:  

Команда: Противоположный угол: 
Команда:  

Команда: Противоположный угол: 
Команда:  

Команда: Противоположный угол: 
Команда:  

Команда: Противоположный угол: 
Команда: Противоположный угол: 
Команда:  

Команда: Противоположный угол: 
Команда:  

Команда: Противоположный угол: 
Команда: Противоположный угол: 
Команда: 
Команда: 
Команда: _ai_selall Выбор объектов...готово.

Команда: *Прервано*

Команда: Противоположный угол: 
Команда:  

Команда: Противоположный угол: 
Команда:  

Команда: Противоположный угол: 
Команда:  

Команда:  

Команда: Противоположный угол: 
Команда: Противоположный угол: 
Команда: 
Команда: 
Команда: _EditTableCell 
Enter option  [Operation/Content/Format/Style/Datalink/Quit/ExecuteOneAction]: _O 
Enter option  [BAck/insert ABove/insert BElow/delete ROw/insert LEft/insert RIght/delete COlumn/Merge/Unmerge/insert FOrmula/insert BLock/insert FIeld/BOrder/Quit]: _RO 
Enter option  [BAck/insert ABove/insert BElow/delete ROw/insert LEft/insert RIght/delete COlumn/Merge/Unmerge/insert FOrmula/insert BLock/insert FIeld/BOrder/Quit]: _Q 
Команда: Противоположный угол: 
Команда:  

Команда: Противоположный угол: 
Команда: Противоположный угол: 
Команда:  

Команда: Противоположный угол: 
Команда:  

Команда: Противоположный угол: 
Команда:  

Команда: Противоположный угол: 
Команда:  

Команда: Противоположный угол: 
Команда: Противоположный угол: 
Команда: Противоположный угол: 
Команда: Противоположный угол: 
Команда:  

Команда: Противоположный угол: 
Команда:  

Команда: Противоположный угол: 
Команда: Противоположный угол: 
Команда: Противоположный угол: 
Команда: Противоположный угол: 
Команда: 
Команда: 
Команда: _EditTableCell 
Enter option  [Operation/Content/Format/Style/Datalink/Quit/ExecuteOneAction]: _Operation 
Enter option  [BAck/insert ABove/insert BElow/delete ROw/insert LEft/insert RIght/delete COlumn/Merge/Unmerge/insert FOrmula/insert BLock/insert FIeld/BOrder/Quit]: _Merge 
Enter option  [BAck/merge All/merge Horizontal/merge Vertical/Quit]: _All 
Enter option  [BAck/merge All/merge Horizontal/merge Vertical/Quit]: _Quit 
Команда: Противоположный угол: 
Команда:  

Команда: Противоположный угол: 
Команда:  

Команда: Противоположный угол: 
Команда:  

Команда:  

Команда:  

Команда: Противоположный угол: 
Команда:  

Команда: Противоположный угол: 
Команда:  

Команда: Противоположный угол: 
Команда: Противоположный угол: 
Команда: 
Команда: *Прервано*

Команда: Противоположный угол: 
Команда:  

Команда: *Прервано*

Команда: Противоположный угол: 
Команда: Противоположный угол: 
Команда: 
Команда: 
Команда: _EditTableCell 
Enter option  [Operation/Content/Format/Style/Datalink/Quit/ExecuteOneAction]: _O 
Enter option  [BAck/insert ABove/insert BElow/delete ROw/insert LEft/insert RIght/delete COlumn/Merge/Unmerge/insert FOrmula/insert BLock/insert FIeld/BOrder/Quit]: _RO 
Enter option  [BAck/insert ABove/insert BElow/delete ROw/insert LEft/insert RIght/delete COlumn/Merge/Unmerge/insert FOrmula/insert BLock/insert FIeld/BOrder/Quit]: _Q 
Команда: Противоположный угол: 
Команда: Противоположный угол: 
Команда: 
Команда: 
Команда: _EditTableCell 
Enter option  [Operation/Content/Format/Style/Datalink/Quit/ExecuteOneAction]: _O 
Enter option  [BAck/insert ABove/insert BElow/delete ROw/insert LEft/insert RIght/delete COlumn/Merge/Unmerge/insert FOrmula/insert BLock/insert FIeld/BOrder/Quit]: _RO 
Enter option  [BAck/insert ABove/insert BElow/delete ROw/insert LEft/insert RIght/delete COlumn/Merge/Unmerge/insert FOrmula/insert BLock/insert FIeld/BOrder/Quit]: _Q 
Команда: *Прервано*

Команда: Противоположный угол: 
Команда: *Прервано*

Команда: Противоположный угол: 
Команда: 
 
** РАСТЯГИВАНИЕ **
Точка растягивания или [Базовая точка/Копировать/ОТменить/выХод]: 
Команда: *Прервано*

Команда: Противоположный угол: 
Команда: *Прервано*

Команда: Противоположный угол: 
Команда: *Прервано*

Команда: Противоположный угол: 
Команда: 
 
** РАСТЯГИВАНИЕ **
Точка растягивания или [Базовая точка/Копировать/ОТменить/выХод]: 
Команда: 
 
** РАСТЯГИВАНИЕ **
Точка растягивания или [Базовая точка/Копировать/ОТменить/выХод]: 
Команда: 
 
** РАСТЯГИВАНИЕ **
Точка растягивания или [Базовая точка/Копировать/ОТменить/выХод]: 
Команда: *Прервано*

Команда: Противоположный угол: 
Команда: 
Команда: Противоположный угол: 
Команда: 
Команда: Противоположный угол: 
Команда: 
Команда: *Прервано*

Команда: *Прервано*

Команда: Противоположный угол: 
Команда: *Прервано*

Команда: Противоположный угол: 
Команда: 
Команда: *Прервано*

Команда: Противоположный угол: 
Команда:  

Команда:  

Команда: Противоположный угол: 
Команда: Противоположный угол:  
Неверное определение рамки.
Противоположный угол: Противоположный угол: 

Неверное определение рамки.
Противоположный угол: Противоположный угол: 
Команда: Противоположный угол: 
Команда:  

Команда: *Прервано*

Команда: Противоположный угол: 
Команда: 
Команда: *Прервано*

Команда: Противоположный угол: 
Команда: Противоположный угол: 
Команда: 
Команда: *Прервано*

Команда: Противоположный угол: 
Команда: 
Команда: *Прервано*

Команда: *Прервано*

Команда: Противоположный угол: 
Команда: 
Команда: 
Команда: _move найдено: 1

Базовая точка или [Смещение] <Смещение>: 
Вторая точка или <считать смещением первую точку>: 
Команда: *Прервано*

Команда: *Прервано*

Команда: Задайте противоположный угол или [Линия/РМн-угол/СМн-угол]: 
Команда: Задайте противоположный угол или [Линия/РМн-угол/СМн-угол]: 
Команда: 
Команда: 
Команда: _move найдено: 53

Базовая точка или [Смещение] <Смещение>: 
Вторая точка или <считать смещением первую точку>: 
Команда: *Прервано*

Команда: Противоположный угол: 
Команда: *Прервано*

Команда: Противоположный угол: 
Команда: 
Укажите местоположение точки или [Базовая точка/Отменить/выХод]: 
Команда: *Прервано*

Команда: Противоположный угол: 
Команда: 
Команда: 
Команда: _move найдено: 1

Базовая точка или [Смещение] <Смещение>: 
Вторая точка или <считать смещением первую точку>: 
Команда: Противоположный угол: 
Команда: Противоположный угол: 
Команда: *Прервано*

Команда: Задайте противоположный угол или [Линия/РМн-угол/СМн-угол]: 
Команда: 
Укажите местоположение точки или [Базовая точка/Отменить/выХод]: 
Команда: 
Укажите местоположение точки или [Базовая точка/Отменить/выХод]: 
Команда: *Прервано*

Команда: Противоположный угол: 
Команда: 
Команда: 
Команда: _move найдено: 1

Базовая точка или [Смещение] <Смещение>: 
Вторая точка или <считать смещением первую точку>: 
Команда: *Прервано*

Команда: 
Команда: 
Команда: *Прервано*

Команда: *Прервано*

Команда: *Прервано*

Команда:   <Переход на: 35>
Выполняется регенерация листов.
Выполняется регенерация модели.

Команда: *Прервано*

Команда: *Прервано*

Команда:   <Переход на: 33>
Выполняется регенерация листов.
Выполняется регенерация модели.

Команда: *Прервано*

Команда: *Прервано*

Команда:   <Перемещение или копирование листа(ов)>

Команда: *Прервано*

Команда: *Прервано*

Команда:   <Переход на: 33 (2)>
Выполняется регенерация листов.
Выполняется регенерация модели.

Команда: *Прервано*

Команда: *Прервано*

Команда:   <Перемещение или копирование листа(ов)>

Команда: *Прервано*

Команда: *Прервано*

Команда:   <Переход на: 35>
Выполняется регенерация листов.
Выполняется регенерация модели.

Команда: *Прервано*

Команда: *Прервано*

Команда:   <Переход на: 33 (2)>
Выполняется регенерация листов.
Выполняется регенерация модели.

Команда: 
Команда: Задайте противоположный угол или [Линия/РМн-угол/СМн-угол]: *Прервано*

Команда: 
 
** РАСТЯГИВАНИЕ **
Точка растягивания или [Базовая точка/Копировать/ОТменить/выХод]: 
Команда: Выполняется регенерация листов.

 
** РАСТЯГИВАНИЕ **
Точка растягивания или [Базовая точка/Копировать/ОТменить/выХод]: 
Команда: 
 
** РАСТЯГИВАНИЕ **
Точка растягивания или [Базовая точка/Копировать/ОТменить/выХод]: 
Команда: 
 
** РАСТЯГИВАНИЕ **
Точка растягивания или [Базовая точка/Копировать/ОТменить/выХод]: 
Команда: *Прервано*

Команда: 
Команда: 
Команда: _line 
Первая точка: 
Следующая точка или [оТменить]: 
Следующая точка или [оТменить]: *Прервано*

Команда: 
Команда: 
Команда: 
Команда: _move найдено: 1

Базовая точка или [Смещение] <Смещение>: 
Вторая точка или <считать смещением первую точку>: 
Команда: *Прервано*

Команда: Задайте противоположный угол или [Линия/РМн-угол/СМн-угол]: 
Команда: 
Команда: 
Команда: _cutclip найдено: 1

Команда: 
Команда: 
 
** РАСТЯГИВАНИЕ **
Точка растягивания или [Базовая точка/Копировать/ОТменить/выХод]: 
Команда: *Прервано*

Команда: 
Команда: 
Команда: _plot 
Нажмите ESC или ENTER для выхода, или правую кнопку мыши для вывода контекстного меню.

Нажмите ESC или ENTER для выхода, или правую кнопку мыши для вывода контекстного меню.

Команда: 
Команда: 
Команда: _plot 
Команда: *Прервано*

Команда: *Прервано*

Команда: *Прервано*

Команда:   <Переход на: 35>
Выполняется регенерация листов.
Выполняется регенерация модели.

Команда: 
Команда: 
Команда: _plot 
Нажмите ESC или ENTER для выхода, или правую кнопку мыши для вывода контекстного меню.

Команда: *Прервано*

Команда: *Прервано*

Команда:   <Переход на: 33 (2)>
Выполняется регенерация листов.
Выполняется регенерация модели.

Команда: 
Команда: 
Команда: _plot Печатная область чертежа: ширина - 594.00; высота - 420.00
Печатная область чертежа: ширина - 593.89; высота - 419.90

Вычерчивается видовой экран 2.

Вычерчивается видовой экран 1.

Команда: *Прервано*

Команда: *Прервано*

Команда:   <Переход на: Модель>
Выполняется регенерация модели.

Команда: Противоположный угол: 
Команда:  

Команда:  

Команда: Противоположный угол: 
Команда:  

Команда: *Прервано*

Команда: Противоположный угол: 
Команда:  

Команда: *Прервано*

Команда: 
Команда:  
Команда: Противоположный угол: 
Команда:  

Команда: Задайте противоположный угол или [Линия/РМн-угол/СМн-угол]: 
Команда: *Прервано*

Команда: 
Команда: 
Команда: 
Команда: _mtedit 
Команда: Противоположный угол: 
Команда:  

Команда: 
Команда: 
Команда: 
Команда: _mtedit 
Команда: *Прервано*

Команда: *Прервано*

Команда:   <Переход на: 33 (2)>
Выполняется регенерация листов.
Выполняется регенерация модели.

Команда: 
Команда: 
Команда: _plot Печатная область чертежа: ширина - 594.00; высота - 420.00
Печатная область чертежа: ширина - 593.89; высота - 419.90

Вычерчивается видовой экран 2.

Вычерчивается видовой экран 1.

Команда: Задайте противоположный угол или [Линия/РМн-угол/СМн-угол]: *Прервано*

Команда: _.MSPACE 
Команда: Противоположный угол: 
Команда:  

Команда: 
Вид на видовом экране блокирован. Выполняется переход в пространство листа.

Выполняется возврат в пространство модели.

Вид на видовом экране блокирован. Выполняется переход в пространство листа.

Выполняется возврат в пространство модели.

Команда: 
Вид на видовом экране блокирован. Выполняется переход в пространство листа.

Выполняется возврат в пространство модели.

Вид на видовом экране блокирован. Выполняется переход в пространство листа.

Выполняется возврат в пространство модели.

Команда: 
Вид на видовом экране блокирован. Выполняется переход в пространство листа.

Выполняется возврат в пространство модели.

Вид на видовом экране блокирован. Выполняется переход в пространство листа.

Выполняется возврат в пространство модели.

Команда: 
Вид на видовом экране блокирован. Выполняется переход в пространство листа.

Выполняется возврат в пространство модели.

Вид на видовом экране блокирован. Выполняется переход в пространство листа.

Выполняется возврат в пространство модели.

Команда: _.PSPACE 
Команда: 
Автоматическое сохранение в C:\Users\user\AppData\Local\Temp\РД_1_21763_bae9af4e.sv$ ...

Команда: 
Команда: *Прервано*

Команда: *Прервано*

Команда:   <Переход на: Модель>
Выполняется регенерация модели.

Команда: 
Команда: 
Команда: 
Команда: _mtedit 
Выберите объект: 
Команда: 
Команда: 
Команда: 
Команда: _mtedit 
Выберите объект: 
Команда: 
Команда: 
Команда: _mtedit 
Выберите объект: 
Команда: РЕГЕН
Выполняется регенерация модели.

Команда: Противоположный угол: 
Команда: Противоположный угол: 
Команда: 
Команда: 
Команда: _EditTableCell 
Enter option  [Operation/Content/Format/Style/Datalink/Quit/ExecuteOneAction]: _O 
Enter option  [BAck/insert ABove/insert BElow/delete ROw/insert LEft/insert RIght/delete COlumn/Merge/Unmerge/insert FOrmula/insert BLock/insert FIeld/BOrder/Quit]: _BE 
Enter option  [BAck/insert ABove/insert BElow/delete ROw/insert LEft/insert RIght/delete COlumn/Merge/Unmerge/insert FOrmula/insert BLock/insert FIeld/BOrder/Quit]: _Q 
Команда: 
Команда: 
Команда: _EditTableCell 
Enter option  [Operation/Content/Format/Style/Datalink/Quit/ExecuteOneAction]: _O 
Enter option  [BAck/insert ABove/insert BElow/delete ROw/insert LEft/insert RIght/delete COlumn/Merge/Unmerge/insert FOrmula/insert BLock/insert FIeld/BOrder/Quit]: _BE 
Enter option  [BAck/insert ABove/insert BElow/delete ROw/insert LEft/insert RIght/delete COlumn/Merge/Unmerge/insert FOrmula/insert BLock/insert FIeld/BOrder/Quit]: _Q 
Команда: Противоположный угол: 
Команда:  

Команда: Противоположный угол: 
Команда:  

Команда:  

Команда: Противоположный угол: 
Команда:  

Команда: Противоположный угол: 
Команда:  

Команда: Противоположный угол: 
Команда:  

Команда: Противоположный угол: 
Команда:  

Команда: Противоположный угол: 
Команда:  

Команда: Противоположный угол: 
Команда: 
 
** РАСТЯГИВАНИЕ **
Точка растягивания или [Базовая точка/Копировать/ОТменить/выХод]: 
Команда: *Прервано*

Команда: Противоположный угол: 
Команда: 
Команда: *Прервано*

Команда: РЕГЕН
Выполняется регенерация модели.

Команда: Противоположный угол: 
Команда: *Прервано*

Команда: Противоположный угол: 
Команда: Противоположный угол: 
Команда: Противоположный угол: 
Команда: Противоположный угол: 
Команда: Противоположный угол: 
Команда:  

Команда:  

Команда: Противоположный угол: 
Команда: 
Команда: 
Команда: _EditTableCell 
Enter option  [Operation/Content/Format/Style/Datalink/Quit/ExecuteOneAction]: _O 
Enter option  [BAck/insert ABove/insert BElow/delete ROw/insert LEft/insert RIght/delete COlumn/Merge/Unmerge/insert FOrmula/insert BLock/insert FIeld/BOrder/Quit]: _AB 
Enter option  [BAck/insert ABove/insert BElow/delete ROw/insert LEft/insert RIght/delete COlumn/Merge/Unmerge/insert FOrmula/insert BLock/insert FIeld/BOrder/Quit]: _Q 
Команда: 
Команда: 
Команда: _EditTableCell 
Enter option  [Operation/Content/Format/Style/Datalink/Quit/ExecuteOneAction]: _O 
Enter option  [BAck/insert ABove/insert BElow/delete ROw/insert LEft/insert RIght/delete COlumn/Merge/Unmerge/insert FOrmula/insert BLock/insert FIeld/BOrder/Quit]: _AB 
Enter option  [BAck/insert ABove/insert BElow/delete ROw/insert LEft/insert RIght/delete COlumn/Merge/Unmerge/insert FOrmula/insert BLock/insert FIeld/BOrder/Quit]: _Q 
Команда: 
Команда: 
Команда: _EditTableCell 
Enter option  [Operation/Content/Format/Style/Datalink/Quit/ExecuteOneAction]: _O 
Enter option  [BAck/insert ABove/insert BElow/delete ROw/insert LEft/insert RIght/delete COlumn/Merge/Unmerge/insert FOrmula/insert BLock/insert FIeld/BOrder/Quit]: _AB 
Enter option  [BAck/insert ABove/insert BElow/delete ROw/insert LEft/insert RIght/delete COlumn/Merge/Unmerge/insert FOrmula/insert BLock/insert FIeld/BOrder/Quit]: _Q 
Команда: Противоположный угол: 
Команда: Противоположный угол: 
Команда: 
Команда: 
Команда: _EditTableCell 
Enter option  [Operation/Content/Format/Style/Datalink/Quit/ExecuteOneAction]: _O 
Enter option  [BAck/insert ABove/insert BElow/delete ROw/insert LEft/insert RIght/delete COlumn/Merge/Unmerge/insert FOrmula/insert BLock/insert FIeld/BOrder/Quit]: _BO 
Enter option  [BAck/insert ABove/insert BElow/delete ROw/insert LEft/insert RIght/delete COlumn/Merge/Unmerge/insert FOrmula/insert BLock/insert FIeld/BOrder/Quit]: _Q 
Команда: Противоположный угол: 
Команда: Противоположный угол: 
Команда: 
Команда: 
Команда: _EditTableCell 
Enter option  [Operation/Content/Format/Style/Datalink/Quit/ExecuteOneAction]: _O 
Enter option  [BAck/insert ABove/insert BElow/delete ROw/insert LEft/insert RIght/delete COlumn/Merge/Unmerge/insert FOrmula/insert BLock/insert FIeld/BOrder/Quit]: _BO 
Enter option  [BAck/insert ABove/insert BElow/delete ROw/insert LEft/insert RIght/delete COlumn/Merge/Unmerge/insert FOrmula/insert BLock/insert FIeld/BOrder/Quit]: _Q 
Команда: Противоположный угол: 
Команда: Противоположный угол: 
Команда: Противоположный угол: 
Команда:  

Команда: Противоположный угол: 
Команда: Противоположный угол: 
Команда:  

Команда:  

Команда: *Прервано*

Команда: Противоположный угол: 
Команда: *Прервано*

Команда: Противоположный угол: 
Команда: *Прервано*

Команда: Противоположный угол: 
Команда: 
 
** РАСТЯГИВАНИЕ **
Точка растягивания или [Базовая точка/Копировать/ОТменить/выХод]: 
Команда: *Прервано*

Команда: Противоположный угол: 
Команда: 
Команда: 
Команда: _move найдено: 1

Базовая точка или [Смещение] <Смещение>: 
Вторая точка или <считать смещением первую точку>: *Прервано*

Команда: Противоположный угол: 
Команда: 
 
** РАСТЯГИВАНИЕ **
Точка растягивания или [Базовая точка/Копировать/ОТменить/выХод]: 
Команда: *Прервано*

Команда: Противоположный угол: 
Команда: *Прервано*

Команда: 
Команда: 
Команда: _line 
Первая точка: 
Следующая точка или [оТменить]: *Прервано*

Команда: Противоположный угол: 
Команда: 
 
** РАСТЯГИВАНИЕ **
Точка растягивания или [Базовая точка/Копировать/ОТменить/выХод]: 
Команда: *Прервано*

Команда: Противоположный угол: 
Команда:  

Команда: 
Команда: 
Команда: *Прервано*

Команда: Противоположный угол: 
Команда:  

Команда: Противоположный угол: 
Команда:  

Команда: Противоположный угол: 
Команда:  

Команда: Противоположный угол: 
Команда:  

Команда: Противоположный угол: 
Команда: Противоположный угол: 
Команда:  

Команда: Противоположный угол: 
Команда:  

Команда: Задайте противоположный угол или [Линия/РМн-угол/СМн-угол]: *Прервано*

Команда: Задайте противоположный угол или [Линия/РМн-угол/СМн-угол]: *Прервано*

Команда: Противоположный угол: 
Команда:  

Команда:  

Команда: *Прервано*

Команда: Противоположный угол: 
Команда:  

Команда: *Прервано*

Команда: Противоположный угол: 
Команда:  

Команда: *Прервано*

Команда: Противоположный угол: 
Команда: 
Команда: *Прервано*

Команда: Противоположный угол: 
Команда:  

Команда: Противоположный угол: 
Команда:  

Команда: Противоположный угол: 
Команда:  

Команда: *Прервано*

Команда: Противоположный угол: 
Команда: Противоположный угол: 
Команда: 
Команда: 
Команда: _EditTableCell 
Enter option  [Operation/Content/Format/Style/Datalink/Quit/ExecuteOneAction]: _O 
Enter option  [BAck/insert ABove/insert BElow/delete ROw/insert LEft/insert RIght/delete COlumn/Merge/Unmerge/insert FOrmula/insert BLock/insert FIeld/BOrder/Quit]: _BO 
Enter option  [BAck/insert ABove/insert BElow/delete ROw/insert LEft/insert RIght/delete COlumn/Merge/Unmerge/insert FOrmula/insert BLock/insert FIeld/BOrder/Quit]: _Q 
Команда: Противоположный угол: 
Команда: *Прервано*

Команда: 
Команда: 
Команда: 
Команда: _copy найдено: 1

Текущая настройка:  Режим копирования  = Несколько
Базовая точка или [Смещение/реЖим] <Смещение>: 
Вторая точка или [Массив] <использовать для смещения первую точку>: 
Укажите вторую точку или [Массив/Выход/Отменить] <Выход>: 
Укажите вторую точку или [Массив/Выход/Отменить] <Выход>: 
Укажите вторую точку или [Массив/Выход/Отменить] <Выход>: *Прервано*

Команда: 
Команда: 
Команда: 
Команда: _bedit Выполняется регенерация модели.

Команда: Задайте противоположный угол или [Линия/РМн-угол/СМн-угол]: *Прервано*

Команда: _BParameter Видимость
Укажите местоположение параметра или [Имя/Метка/Описание/Палитра]: 
Команда: 
Команда: 
Команда: _BVSTATE 
Команда: _-BVSTATE_sСостояние видимости0
Команда: _-BVSTATE 
Текущее состояние видимости: Нов
Задайте параметр [Создать/Задать/Удалить] <Создать>: _s 
Введите имя состояния видимости, которое необходимо сделать текущим, или [?]: Состояние видимости0

Команда: 
Команда: 
Команда: _bvmode 
Новое значение BVMODE <0>: 1 
Команда: 
Команда: 
Команда: 
Команда: _copybase 
Базовая точка: найдено: 1

Команда: *Прервано*

Команда: _-BVSTATE_sНов
Команда: _-BVSTATE 
Текущее состояние видимости: Состояние видимости0
Задайте параметр [Создать/Задать/Удалить] <Создать>: _s 
Введите имя состояния видимости, которое необходимо сделать текущим, или [?]: Нов

Команда: 
Команда: _BVHIDE 
Скрыть для текущего состояния или всех состояний видимости [Текущее/Все] <Текущее>: _C

Команда: 
Команда: 
Команда: _pasteclip Подстановка [simplex.shx] вместо [T-FLEX Type A].
Подстановка [simplex.shx] вместо [EskdWin32.shx].
Точка вставки: 
Команда: *Прервано*

Команда: 
Команда: 
Команда: _bvmode 
Новое значение BVMODE <1>: 0 
Команда: 
Команда: 
Команда: 
Команда: _mtedit 
Команда: _-BVSTATE_sСостояние видимости0
Команда: _-BVSTATE 
Текущее состояние видимости: Нов
Задайте параметр [Создать/Задать/Удалить] <Создать>: _s 
Введите имя состояния видимости, которое необходимо сделать текущим, или [?]: Состояние видимости0

Команда: 
Команда: 
Команда: _BCLOSE Выполняется регенерация модели.

Команда: 
Команда: 
Команда: *Прервано*

Команда: Противоположный угол: 
Команда: 
Команда: 
Команда: _EditTableCell 
Enter option  [Operation/Content/Format/Style/Datalink/Quit/ExecuteOneAction]: _O 
Enter option  [BAck/insert ABove/insert BElow/delete ROw/insert LEft/insert RIght/delete COlumn/Merge/Unmerge/insert FOrmula/insert BLock/insert FIeld/BOrder/Quit]: _BE 
Enter option  [BAck/insert ABove/insert BElow/delete ROw/insert LEft/insert RIght/delete COlumn/Merge/Unmerge/insert FOrmula/insert BLock/insert FIeld/BOrder/Quit]: _Q 
Команда: *Прервано*

Команда: Противоположный угол: 
Команда:  

Команда: Противоположный угол: 
Команда: Противоположный угол: 
Команда: 
Укажите местоположение точки или [Базовая точка/Отменить/выХод]: 
Команда: *Прервано*

Команда: Противоположный угол: 
Команда:  

Команда: Противоположный угол: 
Команда:  

Команда: Противоположный угол: 
Команда:  

Команда: *Прервано*

Команда: Противоположный угол: 
Команда: 
Команда: 
Команда: _EditTableCell 
Enter option  [Operation/Content/Format/Style/Datalink/Quit/ExecuteOneAction]: _O 
Enter option  [BAck/insert ABove/insert BElow/delete ROw/insert LEft/insert RIght/delete COlumn/Merge/Unmerge/insert FOrmula/insert BLock/insert FIeld/BOrder/Quit]: _BE 
Enter option  [BAck/insert ABove/insert BElow/delete ROw/insert LEft/insert RIght/delete COlumn/Merge/Unmerge/insert FOrmula/insert BLock/insert FIeld/BOrder/Quit]: _Q 
Команда: 
Команда: 
Команда: _EditTableCell 
Enter option  [Operation/Content/Format/Style/Datalink/Quit/ExecuteOneAction]: _O 
Enter option  [BAck/insert ABove/insert BElow/delete ROw/insert LEft/insert RIght/delete COlumn/Merge/Unmerge/insert FOrmula/insert BLock/insert FIeld/BOrder/Quit]: _BE 
Enter option  [BAck/insert ABove/insert BElow/delete ROw/insert LEft/insert RIght/delete COlumn/Merge/Unmerge/insert FOrmula/insert BLock/insert FIeld/BOrder/Quit]: _Q 
Команда: Противоположный угол: 
Команда: Противоположный угол: 
Команда: 
Команда: 
Команда: _EditTableCell 
Enter option  [Operation/Content/Format/Style/Datalink/Quit/ExecuteOneAction]: _O 
Enter option  [BAck/insert ABove/insert BElow/delete ROw/insert LEft/insert RIght/delete COlumn/Merge/Unmerge/insert FOrmula/insert BLock/insert FIeld/BOrder/Quit]: _RO 
Enter option  [BAck/insert ABove/insert BElow/delete ROw/insert LEft/insert RIght/delete COlumn/Merge/Unmerge/insert FOrmula/insert BLock/insert FIeld/BOrder/Quit]: _Q 
Команда: *Прервано*

Команда: Противоположный угол: 
Команда: Противоположный угол: 
Команда: 
Команда: 
Команда: _EditTableCell 
Enter option  [Operation/Content/Format/Style/Datalink/Quit/ExecuteOneAction]: _O 
Enter option  [BAck/insert ABove/insert BElow/delete ROw/insert LEft/insert RIght/delete COlumn/Merge/Unmerge/insert FOrmula/insert BLock/insert FIeld/BOrder/Quit]: _RO 
Enter option  [BAck/insert ABove/insert BElow/delete ROw/insert LEft/insert RIght/delete COlumn/Merge/Unmerge/insert FOrmula/insert BLock/insert FIeld/BOrder/Quit]: _Q 
Команда: Противоположный угол: 
Команда:  

Команда: Противоположный угол: 
Команда: *Прервано*

Команда: Противоположный угол: 
Команда:  

Команда: Противоположный угол: 
Команда:  

Команда: Противоположный угол: 
Команда:  

Выберите объект: 
Команда: *Прервано*

Команда: Противоположный угол: 
Команда: 
Команда: *Прервано*

Команда: Противоположный угол: 
Команда: Противоположный угол: 
Команда: Противоположный угол: 
Команда: 
Команда: 
Команда: _EditTableCell 
Enter option  [Operation/Content/Format/Style/Datalink/Quit/ExecuteOneAction]: _O 
Enter option  [BAck/insert ABove/insert BElow/delete ROw/insert LEft/insert RIght/delete COlumn/Merge/Unmerge/insert FOrmula/insert BLock/insert FIeld/BOrder/Quit]: _BE 
Enter option  [BAck/insert ABove/insert BElow/delete ROw/insert LEft/insert RIght/delete COlumn/Merge/Unmerge/insert FOrmula/insert BLock/insert FIeld/BOrder/Quit]: _Q 
Команда: Противоположный угол: 
Команда: Противоположный угол: 
Команда:  

Команда: Противоположный угол: 
Команда:  

Команда: Противоположный угол: 
Команда:  

Команда: Противоположный угол: 
Команда:  

Команда: *Прервано*

Команда: Противоположный угол: 
Команда:  

Команда: Противоположный угол: 
Команда:  

Команда: Противоположный угол: 
Команда:  

Команда: Противоположный угол: 
Команда:  

Команда: Противоположный угол: 
Команда:  

Команда: Противоположный угол: 
Команда:  

Команда: *Прервано*

Команда: 
Команда: Противоположный угол: 
Команда:  

Команда: Противоположный угол: 
Команда:  

Команда: Противоположный угол: 
Команда:  

Команда: Противоположный угол: 
Команда:  

Команда: Противоположный угол: 
Команда: Противоположный угол: 
Команда: Противоположный угол: 
Команда:  

Команда: Противоположный угол: 
Команда:  

Команда: Противоположный угол: 
Команда: 
Команда: *Прервано*

Команда: Противоположный угол: 
Команда:  

Команда: Противоположный угол: 
Команда:  

Команда: *Прервано*

Команда: Противоположный угол: 
Команда:  

Команда: Противоположный угол: 
Команда:  

Команда: Противоположный угол: 
Команда:  

Команда: Противоположный угол: 
Команда: 
Команда: 
Команда: _EditTableCell 
Enter option  [Operation/Content/Format/Style/Datalink/Quit/ExecuteOneAction]: _O 
Enter option  [BAck/insert ABove/insert BElow/delete ROw/insert LEft/insert RIght/delete COlumn/Merge/Unmerge/insert FOrmula/insert BLock/insert FIeld/BOrder/Quit]: _BE 
Enter option  [BAck/insert ABove/insert BElow/delete ROw/insert LEft/insert RIght/delete COlumn/Merge/Unmerge/insert FOrmula/insert BLock/insert FIeld/BOrder/Quit]: _Q 
Команда: Противоположный угол: 
Команда: Противоположный угол: 
Команда:  

Команда: Противоположный угол: 
Команда:  

Команда:  

Команда: Противоположный угол: 
Команда: Противоположный угол: 
Команда:  

Команда: Противоположный угол: 
Команда:  

Команда: *Прервано*

Команда: Противоположный угол: 
Команда:  

Команда: _u ТАБЛРЕД 
Команда: _u INTELLIPAN 
Команда: _u ТАБЛРЕД 
Команда: _u ТАБЛРЕД 
Команда: Противоположный угол: 
Команда:  

Команда: Противоположный угол: 
Команда:  

Команда: Противоположный угол: 
Команда:  

Команда: Противоположный угол: 
Команда:  

Команда: Противоположный угол: 
Команда:  

Команда: Противоположный угол: 
Команда:  

Команда: Противоположный угол: 
Команда:  

Команда: Противоположный угол: 
Команда:  

Команда: *Прервано*

Команда: 
Команда: 
Команда: _plot 
Команда: 
Команда: 
Команда: _PUBLISH 
Автоматическое сохранение в C:\Users\user\AppData\Local\Temp\РД_1_21763_bae9af4e.sv$ ...

Команда: 
Команда: Противоположный угол: 
Команда: Противоположный угол: 
Команда:  

Команда: Задайте противоположный угол или [Линия/РМн-угол/СМн-угол]: 
Команда: *Прервано*

Команда: *Прервано*

Команда:   <Переход на: 36>
Выполняется регенерация листов.
Выполняется регенерация модели.

Команда: Выполняется регенерация листов.

Команда: 
 
** РАСТЯГИВАНИЕ **
Точка растягивания или [Базовая точка/Копировать/ОТменить/выХод]: 
Команда: Выполняется регенерация листов.

 
** РАСТЯГИВАНИЕ **
Точка растягивания или [Базовая точка/Копировать/ОТменить/выХод]: 
Команда: 
 
** РАСТЯГИВАНИЕ **
Точка растягивания или [Базовая точка/Копировать/ОТменить/выХод]: 
Команда: *Прервано*

Команда: 
Команда: 
Команда: _line 
Первая точка: 
Следующая точка или [оТменить]: 
Следующая точка или [оТменить]: *Прервано*

Команда: 
Команда: 
 
** РАСТЯГИВАНИЕ **
Точка растягивания или [Базовая точка/Копировать/ОТменить/выХод]: 
Команда: 
Команда: 
 
** РАСТЯГИВАНИЕ **
Точка растягивания или [Базовая точка/Копировать/ОТменить/выХод]: 
Команда: 
Команда: 
Команда: _move найдено: 1

Базовая точка или [Смещение] <Смещение>: 
Вторая точка или <считать смещением первую точку>: 
Команда: *Прервано*

Команда: Задайте противоположный угол или [Линия/РМн-угол/СМн-угол]: 
Команда: 
Команда: 
Команда: _cutclip найдено: 1

Команда: *Прервано*

Команда: *Прервано*

Команда:   <Переход на: 37>
Выполняется регенерация листов.
Выполняется регенерация модели.

Команда: Выполняется регенерация листов.

Команда: 
Команда: _line 
Первая точка: 
Следующая точка или [оТменить]: 
Следующая точка или [оТменить]: *Прервано*

Команда: Задайте противоположный угол или [Линия/РМн-угол/СМн-угол]: 
Команда: *Прервано*

Команда: 
Команда: 
 
** РАСТЯГИВАНИЕ **
Точка растягивания или [Базовая точка/Копировать/ОТменить/выХод]: 
Команда: 
 
** РАСТЯГИВАНИЕ **
Точка растягивания или [Базовая точка/Копировать/ОТменить/выХод]: 
Команда: 
 
** РАСТЯГИВАНИЕ **
Точка растягивания или [Базовая точка/Копировать/ОТменить/выХод]: 
Команда: 
 
** РАСТЯГИВАНИЕ **
Точка растягивания или [Базовая точка/Копировать/ОТменить/выХод]: 
Команда: 
 
** РАСТЯГИВАНИЕ **
Точка растягивания или [Базовая точка/Копировать/ОТменить/выХод]: 
Команда: 
Команда: 
Команда: _move найдено: 1

Базовая точка или [Смещение] <Смещение>: 
Вторая точка или <считать смещением первую точку>: 
Команда: *Прервано*

Команда: Задайте противоположный угол или [Линия/РМн-угол/СМн-угол]: 
Команда: 
Команда: 
Команда: _cutclip найдено: 1

Команда: Задайте противоположный угол или [Линия/РМн-угол/СМн-угол]: 
Команда: Задайте противоположный угол или [Линия/РМн-угол/СМн-угол]: 
Команда: Задайте противоположный угол или [Линия/РМн-угол/СМн-угол]: 
Команда: *Прервано*

Команда: *Прервано*

Команда: *Прервано*

Команда:   <Переход на: Модель>
Выполняется регенерация модели.

Команда: 
Команда: 
Команда: _line 
Первая точка: 
Следующая точка или [оТменить]: 1100

Следующая точка или [оТменить]: 
Следующая точка или [Замкнуть/Отменить]: *Прервано*

Команда: 
Команда: 
Команда: _line 
Первая точка: 
Следующая точка или [оТменить]: 600

Следующая точка или [оТменить]: 
Следующая точка или [Замкнуть/Отменить]: *Прервано*

Команда: *Прервано*

Команда: Задайте противоположный угол или [Линия/РМн-угол/СМн-угол]: 
Команда: Задайте противоположный угол или [Линия/РМн-угол/СМн-угол]: 
Команда: 
Команда: 
Команда: _move найдено: 4

Базовая точка или [Смещение] <Смещение>: 
Вторая точка или <считать смещением первую точку>: 
Команда: *Прервано*

Команда: Задайте противоположный угол или [Линия/РМн-угол/СМн-угол]: 
Команда: 
Команда: 
Команда: _move найдено: 3

Базовая точка или [Смещение] <Смещение>: 
Вторая точка или <считать смещением первую точку>: 
Команда: *Прервано*

Команда: *Прервано*

Команда: Задайте противоположный угол или [Линия/РМн-угол/СМн-угол]: 
Команда: 
Команда: 
Команда: _cutclip найдено: 1

Команда: Задайте противоположный угол или [Линия/РМн-угол/СМн-угол]: 
Команда: 
Команда: 
Команда: _cutclip найдено: 1

Команда: Задайте противоположный угол или [Линия/РМн-угол/СМн-угол]: 
Команда: 
Команда: 
Команда: _cutclip найдено: 1

Команда: Задайте противоположный угол или [Линия/РМн-угол/СМн-угол]: 
Команда: 
Команда: 
Команда: _cutclip найдено: 1

Команда: *Прервано*

Команда: 
Команда: 
** РАСТЯНУТЬ **
Задайте точку для растяжения или [Базовая точка/Копировать/oТменить/выХод]:
Команда: *Прервано*

Команда: 
Команда: 
Команда: _line 
Первая точка: 
Следующая точка или [оТменить]: *Прервано*

Команда: 
Команда: ПОВ
ПОВЕРНУТЬ 
Текущие установки отсчета углов в ПСК:  ANGDIR=против ч/с  ANGBASE=0
найдено: 1

Базовая точка: 
Угол поворота или [Копия/Опорный угол] <270>: 
Команда: *Прервано*

Команда: 
Команда: 
Команда: 
Команда: _cutclip найдено: 1

Команда: 
Команда: 
Команда: 
Команда: _cutclip найдено: 1

Команда: 
Команда: 
Команда: 
Команда: _cutclip найдено: 1

Команда: 
Команда: *Прервано*

Команда: 
Команда: 
Команда: _line 
Первая точка: 
Следующая точка или [оТменить]: 1100

Следующая точка или [оТменить]: *Прервано*

Команда: 
Команда: 
Команда: _line 
Первая точка: 
Следующая точка или [оТменить]: 600

Следующая точка или [оТменить]: *Прервано*

Команда: 
Команда: 
Команда: 
Команда: _move найдено: 1

Базовая точка или [Смещение] <Смещение>: 
Вторая точка или <считать смещением первую точку>: 
Команда: 
Команда: 
Команда: 
Команда: _move найдено: 1

Базовая точка или [Смещение] <Смещение>: 
Вторая точка или <считать смещением первую точку>: 
Команда: *Прервано*

Команда: 
Команда: 
Команда: 
Команда: _move найдено: 1

Базовая точка или [Смещение] <Смещение>: *Прервано*

Команда: 
Команда: 
Команда: 
Команда: _move найдено: 1

Базовая точка или [Смещение] <Смещение>: 
Вторая точка или <считать смещением первую точку>: 
Команда: *Прервано*

Команда: *Прервано*

Команда: 
Команда: 
Команда: _line 
Первая точка: 
Следующая точка или [оТменить]: *Прервано*

Команда: *Прервано*

Команда: 
Команда: *Прервано*

Команда: 
Команда: *Прервано*

Команда: 
Команда: 
Команда: _line 
Первая точка: 
Следующая точка или [оТменить]: *Прервано*

Команда: 
Команда: 
Команда: 
Команда: _move найдено: 1

Базовая точка или [Смещение] <Смещение>: 
Вторая точка или <считать смещением первую точку>: 100

Команда: *Прервано*

Команда: Задайте противоположный угол или [Линия/РМн-угол/СМн-угол]: 
Команда: 
Команда: 
Команда: _cutclip найдено: 1

Команда: Задайте противоположный угол или [Линия/РМн-угол/СМн-угол]: 
Команда: 
Команда: 
Команда: _cutclip найдено: 1

Команда: 
Команда: *Прервано*

Команда: 
Команда: 
Команда: 
Команда: _cutclip найдено: 1

Команда: Задайте противоположный угол или [Линия/РМн-угол/СМн-угол]: 
Команда: 
Команда: 
Команда: _move найдено: 3

Базовая точка или [Смещение] <Смещение>: 
Вторая точка или <считать смещением первую точку>: 
Команда: *Прервано*

Команда: 
Команда: *Прервано*

Команда: 
Команда: 
Команда: _line 
Первая точка: 
Следующая точка или [оТменить]: 
Следующая точка или [оТменить]: *Прервано*

Команда: 
Команда: 
Команда: 
Команда: _cutclip найдено: 1

Команда: 
Команда: 
** УВЕЛИЧИТЬ **
Конечная точка:
Команда: *Прервано*

Команда: 
Команда: 
** РАСТЯНУТЬ **
Задайте точку для растяжения или [Базовая точка/Копировать/oТменить/выХод]:*Прервано*

Команда: 
** УВЕЛИЧИТЬ **
Конечная точка:
Команда: *Прервано*

Команда: 
Команда: 
Команда: _trim 
Текущие параметры: проекция = ПСК, кромка = Нет, режим = Быстрый
Выбрать режущие кромки...найдено: 1

Выберите обрезаемый или удлиняемый объект (плюс SHIFT) либо [реЖущие кромки/Секрамка/Режим/Проекция/уДалить]: 


Выберите обрезаемый или удлиняемый объект (плюс SHIFT) либо [реЖущие кромки/Секрамка/Режим/Проекция/уДалить/Отменить]: *Прервано*

Команда: Задайте противоположный угол или [Линия/РМн-угол/СМн-угол]: 
Команда: '_matchprop 
Текущие активные настройки:  Цвет Слой Тип Лмасштаб Вес линий Прозрачность Толщина Стиль печати Размер Текст Штриховка Полилиния ВЭкран Таблица Материал Мультивыноска Центральный объект 

Выберите целевой объект(ы) или [Настройки]: 

Выберите целевой объект(ы) или [Настройки]: *Прервано*

Команда: *Прервано*

Команда: *Прервано*

Команда: 
Команда: *Прервано*

Команда: 
Команда: 
Команда: _line 
Первая точка: 
Следующая точка или [оТменить]: 
Следующая точка или [оТменить]: *Прервано*

Команда: 
Команда: 
Команда: _line 
Первая точка: 
Следующая точка или [оТменить]: 
Следующая точка или [оТменить]: *Прервано*

Команда: 
Команда: 
Команда: _chamfer 
(Режим С ОБРЕЗКОЙ) Параметры фаски: Длина1 = 0.0000, Длина2 = 0.0000
Выберите первый отрезок или [оТменить/полИлиния/Длина/Угол/оБрезка/Метод/Несколько]: 
Выберите второй отрезок или нажмите клавишу Shift при выборе, чтобы создать угол, или [Расстояние/Угол/Метод]: 
Команда: *Прервано*

Команда: 
Команда: *Прервано*

Команда: Задайте противоположный угол или [Линия/РМн-угол/СМн-угол]: 
Команда: 
Команда: 
Команда: _trim 
Текущие параметры: проекция = ПСК, кромка = Нет, режим = Быстрый
Выбрать режущие кромки...найдено: 1

Выберите обрезаемый или удлиняемый объект (плюс SHIFT) либо [реЖущие кромки/Секрамка/Режим/Проекция/уДалить]: 

Выберите обрезаемый или удлиняемый объект (плюс SHIFT) либо [реЖущие кромки/Секрамка/Режим/Проекция/уДалить/Отменить]: _u 
Команда полностью отменена.

Выберите обрезаемый или удлиняемый объект (плюс SHIFT) либо [реЖущие кромки/Секрамка/Режим/Проекция/уДалить]: *Прервано*

Команда: Задайте противоположный угол или [Линия/РМн-угол/СМн-угол]: 
Команда: '_matchprop 
Выберите исходный объект: 
Текущие активные настройки:  Цвет Слой Тип Лмасштаб Вес линий Прозрачность Толщина Стиль печати Размер Текст Штриховка Полилиния ВЭкран Таблица Материал Мультивыноска Центральный объект 

Выберите целевой объект(ы) или [Настройки]: *Прервано*

Команда: 
Команда: 
Команда: 
Команда: _cutclip найдено: 1

Команда: Задайте противоположный угол или [Линия/РМн-угол/СМн-угол]: 
Команда: '_matchprop 
Выберите исходный объект: 
Текущие активные настройки:  Цвет Слой Тип Лмасштаб Вес линий Прозрачность Толщина Стиль печати Размер Текст Штриховка Полилиния ВЭкран Таблица Материал Мультивыноска Центральный объект 

Выберите целевой объект(ы) или [Настройки]: *Прервано*

Команда: 
Команда: '_matchprop 
Текущие активные настройки:  Цвет Слой Тип Лмасштаб Вес линий Прозрачность Толщина Стиль печати Размер Текст Штриховка Полилиния ВЭкран Таблица Материал Мультивыноска Центральный объект 

Выберите целевой объект(ы) или [Настройки]: 

Выберите целевой объект(ы) или [Настройки]: *Прервано*

Команда: *Прервано*

Команда: 
Команда: 
** РАСТЯНУТЬ **
Задайте точку для растяжения или [Базовая точка/Копировать/oТменить/выХод]:
Команда: 
** РАСТЯНУТЬ **
Задайте точку для растяжения или [Базовая точка/Копировать/oТменить/выХод]:
Команда: *Прервано*

Команда: 
Команда: 
Команда: 
Команда: _cutclip найдено: 1

Команда: 
** УВЕЛИЧИТЬ **
Конечная точка:
Команда: *Прервано*

Команда: 
Команда: 
Команда: _trim 
Текущие параметры: проекция = ПСК, кромка = Нет, режим = Быстрый
Выбрать режущие кромки...найдено: 1

Выберите обрезаемый или удлиняемый объект (плюс SHIFT) либо [реЖущие кромки/Секрамка/Режим/Проекция/уДалить]: 

Выберите обрезаемый или удлиняемый объект (плюс SHIFT) либо [реЖущие кромки/Секрамка/Режим/Проекция/уДалить/Отменить]: *Прервано*

Команда: *Прервано*

Команда: 
Команда: 
Команда: _dimlinear 
Начало первой выносной линии или <выбрать объект>: 
Начало второй выносной линии: 
Положение размерной линии или 
[Мтекст/Текст/Угол/Горизонтальный/Вертикальный/Повернутый]: 
Размерный текст = 1100
Команда: 
Команда: 
Команда: _dimlinear 
Начало первой выносной линии или <выбрать объект>: 
Начало второй выносной линии: 
Положение размерной линии или 
[Мтекст/Текст/Угол/Горизонтальный/Вертикальный/Повернутый]: 
Размерный текст = 1200
Команда:  РЗМЛИНЕЙНЫЙ

Начало первой выносной линии или <выбрать объект>: 
Начало второй выносной линии: 
Положение размерной линии или 
[Мтекст/Текст/Угол/Горизонтальный/Вертикальный/Повернутый]: 
Размерный текст = 800
Команда: *Прервано*

Команда: Задайте противоположный угол или [Линия/РМн-угол/СМн-угол]: 
Команда: 
** РАСТЯНУТЬ **
Задайте точку для растяжения или [Базовая точка/Копировать/oТменить/выХод]:
Команда: 
** РАСТЯНУТЬ **
Задайте точку для растяжения или [Базовая точка/Копировать/oТменить/выХод]:
Команда: *Прервано*

Команда: 
Команда: '_matchprop 
Текущие активные настройки:  Цвет Слой Тип Лмасштаб Вес линий Прозрачность Толщина Стиль печати Размер Текст Штриховка Полилиния ВЭкран Таблица Материал Мультивыноска Центральный объект 

Выберите целевой объект(ы) или [Настройки]: Противоположный угол: 

Выберите целевой объект(ы) или [Настройки]: Противоположный угол: 

Выберите целевой объект(ы) или [Настройки]: *Прервано*

Команда: *Прервано*

Команда: 
Команда: 
Команда: _dimlinear 
Начало первой выносной линии или <выбрать объект>: 
Начало второй выносной линии: 
Положение размерной линии или 
[Мтекст/Текст/Угол/Горизонтальный/Вертикальный/Повернутый]: 
Размерный текст = 525
Команда: *Прервано*

Команда: Задайте противоположный угол или [Линия/РМн-угол/СМн-угол]: 
Команда: '_matchprop 
Текущие активные настройки:  Цвет Слой Тип Лмасштаб Вес линий Прозрачность Толщина Стиль печати Размер Текст Штриховка Полилиния ВЭкран Таблица Материал Мультивыноска Центральный объект 

Выберите целевой объект(ы) или [Настройки]: Противоположный угол: 

Выберите целевой объект(ы) или [Настройки]: *Прервано*

Команда: 
Команда: 
Команда: _dimlinear 
Начало первой выносной линии или <выбрать объект>: 
Начало второй выносной линии: 
Положение размерной линии или 
[Мтекст/Текст/Угол/Горизонтальный/Вертикальный/Повернутый]: 
Размерный текст = 100
Команда: *Прервано*

Команда: Задайте противоположный угол или [Линия/РМн-угол/СМн-угол]: 
Команда: 
Команда: '_matchprop 
Текущие активные настройки:  Цвет Слой Тип Лмасштаб Вес линий Прозрачность Толщина Стиль печати Размер Текст Штриховка Полилиния ВЭкран Таблица Материал Мультивыноска Центральный объект 

Выберите целевой объект(ы) или [Настройки]: 

Выберите целевой объект(ы) или [Настройки]: *Прервано*

Команда: 
Команда: 
Команда: 
Команда: _move найдено: 1

Базовая точка или [Смещение] <Смещение>: 
Вторая точка или <считать смещением первую точку>: 
Команда: *Прервано*

Команда: 
Команда: Задайте противоположный угол или [Линия/РМн-угол/СМн-угол]: *Прервано*

Команда: 
 
** РАСТЯГИВАНИЕ **
Точка растягивания или [Базовая точка/Копировать/ОТменить/выХод]: 
Команда: *Прервано*

Команда: Задайте противоположный угол или [Линия/РМн-угол/СМн-угол]: 
Команда: 
Команда: 
Команда: _cutclip найдено: 1

Команда: Задайте противоположный угол или [Линия/РМн-угол/СМн-угол]: 
Команда: Задайте противоположный угол или [Линия/РМн-угол/СМн-угол]: 
Команда: 
Команда: 
Команда: _cutclip найдено: 4

Команда: Задайте противоположный угол или [Линия/РМн-угол/СМн-угол]: 
Команда: 
Команда: 
Команда: 
Команда: _cutclip найдено: 1

Команда: *Прервано*

Команда: 
Команда: 
Команда: 
Команда: _cutclip найдено: 1

Команда: 
Команда: 
Команда: 
Команда: _cutclip найдено: 1

Команда: 
Команда: 
Команда: _line 
Первая точка: 
Следующая точка или [оТменить]: 1100

Следующая точка или [оТменить]: *Прервано*

Команда: 
Команда: 
Команда: _line 
Первая точка: 
Следующая точка или [оТменить]: 100

Следующая точка или [оТменить]: *Прервано*

Команда: 
Команда: 
Команда: _extend 
Текущие параметры: проекция = ПСК, кромка = Нет, режим = Быстрый
Выберите объект для удлинения или обрезки (SHIFT + выбор) либо
 [Кромки границы/Секрамка/РЕжим/Проекция]: 

Выберите объект для удлинения или обрезки (SHIFT + выбор) либо
 [Кромки границы/Секрамка/РЕжим/Проекция/Отменить]: *Прервано*

Команда: *Прервано*

Команда: 
Команда: 
Команда: 
Команда: _copy найдено: 1

Текущая настройка:  Режим копирования  = Несколько
Базовая точка или [Смещение/реЖим] <Смещение>: 
Вторая точка или [Массив] <использовать для смещения первую точку>: 
Укажите вторую точку или [Массив/Выход/Отменить] <Выход>: *Прервано*

Команда: 
Команда: *Прервано*

Команда: Задайте противоположный угол или [Линия/РМн-угол/СМн-угол]: 
Команда: 
Команда: 
Команда: 
Команда: _move найдено: 1

Базовая точка или [Смещение] <Смещение>: *Прервано*

Команда: 
Команда: *Прервано*

Команда: 
Команда: 
Команда: _line 
Первая точка: 
Следующая точка или [оТменить]: 
Следующая точка или [оТменить]: *Прервано*

Команда: 
Команда: 
Команда: 
Команда: _move найдено: 1

Базовая точка или [Смещение] <Смещение>: 
Вторая точка или <считать смещением первую точку>: 
Команда: *Прервано*

Команда: 
Команда: 
Команда: 
Команда: _move найдено: 1

Базовая точка или [Смещение] <Смещение>: 
Вторая точка или <считать смещением первую точку>: 
Команда: *Прервано*

Команда: 
Команда: 
Команда: 
Команда: _move найдено: 1

Базовая точка или [Смещение] <Смещение>: 
Вторая точка или <считать смещением первую точку>: 
Команда: *Прервано*

Команда: 
Команда: 
Команда: 
Команда: _move найдено: 1

Базовая точка или [Смещение] <Смещение>: 
Вторая точка или <считать смещением первую точку>: 
Команда: *Прервано*

Команда: *Прервано*

Команда: Задайте противоположный угол или [Линия/РМн-угол/СМн-угол]: 
Команда: 
Команда: 
Команда: _cutclip найдено: 3

Команда: 
Команда: 
Команда: _line 
Первая точка: 
Следующая точка или [оТменить]: 
Следующая точка или [оТменить]: *Прервано*

Команда: 
Команда: 
** РАСТЯНУТЬ **
Задайте точку для растяжения или [Базовая точка/Копировать/oТменить/выХод]:
Команда: 
** РАСТЯНУТЬ **
Задайте точку для растяжения или [Базовая точка/Копировать/oТменить/выХод]:
Команда: 
** УВЕЛИЧИТЬ **
Конечная точка:
Команда: *Прервано*

Команда: 
Команда: 
Команда: _trim 
Текущие параметры: проекция = ПСК, кромка = Нет, режим = Быстрый
Выбрать режущие кромки...найдено: 1

Выберите обрезаемый или удлиняемый объект (плюс SHIFT) либо [реЖущие кромки/Секрамка/Режим/Проекция/уДалить]: 

Выберите обрезаемый или удлиняемый объект (плюс SHIFT) либо [реЖущие кромки/Секрамка/Режим/Проекция/уДалить/Отменить]: *Прервано*

Команда: 
Команда: '_matchprop 
Текущие активные настройки:  Цвет Слой Тип Лмасштаб Вес линий Прозрачность Толщина Стиль печати Размер Текст Штриховка Полилиния ВЭкран Таблица Материал Мультивыноска Центральный объект 

Выберите целевой объект(ы) или [Настройки]: 

Выберите целевой объект(ы) или [Настройки]: *Прервано*

Команда: 
Команда: 
Команда: _line 
Первая точка: 
Следующая точка или [оТменить]: 
Следующая точка или [оТменить]: *Прервано*

Команда: 
Команда: 
** УВЕЛИЧИТЬ **
Конечная точка:
Команда: *Прервано*

Команда: 
Команда: 
** УВЕЛИЧИТЬ **
Конечная точка:
Команда: *Прервано*

Команда: 
Команда: 
Команда: _trim 
Текущие параметры: проекция = ПСК, кромка = Нет, режим = Быстрый
Выбрать режущие кромки...найдено: 1

Выберите обрезаемый или удлиняемый объект (плюс SHIFT) либо [реЖущие кромки/Секрамка/Режим/Проекция/уДалить]: 

Выберите обрезаемый или удлиняемый объект (плюс SHIFT) либо [реЖущие кромки/Секрамка/Режим/Проекция/уДалить/Отменить]: *Прервано*

Команда: 
Команда: 
Команда: _chamfer 
(Режим С ОБРЕЗКОЙ) Параметры фаски: Длина1 = 0.0000, Длина2 = 0.0000
Выберите первый отрезок или [оТменить/полИлиния/Длина/Угол/оБрезка/Метод/Несколько]: 
Выберите второй отрезок или нажмите клавишу Shift при выборе, чтобы создать угол, или [Расстояние/Угол/Метод]: 
Команда: *Прервано*

Команда: 
Команда: '_matchprop 
Текущие активные настройки:  Цвет Слой Тип Лмасштаб Вес линий Прозрачность Толщина Стиль печати Размер Текст Штриховка Полилиния ВЭкран Таблица Материал Мультивыноска Центральный объект 

Выберите целевой объект(ы) или [Настройки]: 

Выберите целевой объект(ы) или [Настройки]: *Прервано*

Команда: 
Команда: 
Команда: _dimlinear 
Начало первой выносной линии или <выбрать объект>: 
Начало второй выносной линии: 
Положение размерной линии или 
[Мтекст/Текст/Угол/Горизонтальный/Вертикальный/Повернутый]: 
Размерный текст = 1200
Команда:  РЗМЛИНЕЙНЫЙ

Начало первой выносной линии или <выбрать объект>: 
Начало второй выносной линии: 
Положение размерной линии или 
[Мтекст/Текст/Угол/Горизонтальный/Вертикальный/Повернутый]: 
Размерный текст = 800
Команда:  РЗМЛИНЕЙНЫЙ

Начало первой выносной линии или <выбрать объект>: 
Начало второй выносной линии: 
Положение размерной линии или 
[Мтекст/Текст/Угол/Горизонтальный/Вертикальный/Повернутый]: 
Размерный текст = 1100
Команда:  РЗМЛИНЕЙНЫЙ

Начало первой выносной линии или <выбрать объект>: 
Начало второй выносной линии: 
Положение размерной линии или 
[Мтекст/Текст/Угол/Горизонтальный/Вертикальный/Повернутый]: 
Размерный текст = 100
Команда:  РЗМЛИНЕЙНЫЙ

Начало первой выносной линии или <выбрать объект>: 
Начало второй выносной линии: 
Положение размерной линии или 
[Мтекст/Текст/Угол/Горизонтальный/Вертикальный/Повернутый]: 
Размерный текст = 525
Команда: *Прервано*

Команда: Задайте противоположный угол или [Линия/РМн-угол/СМн-угол]: 
Команда: '_matchprop 
Текущие активные настройки:  Цвет Слой Тип Лмасштаб Вес линий Прозрачность Толщина Стиль печати Размер Текст Штриховка Полилиния ВЭкран Таблица Материал Мультивыноска Центральный объект 

Выберите целевой объект(ы) или [Настройки]: Противоположный угол: 
Выберите целевой объект(ы) или [Настройки]: Противоположный угол: 

Выберите целевой объект(ы) или [Настройки]: 

Выберите целевой объект(ы) или [Настройки]: 

Выберите целевой объект(ы) или [Настройки]: Противоположный угол: 

Выберите целевой объект(ы) или [Настройки]: *Прервано*

Команда: *Прервано*

Команда: 
Команда: 
Команда: _PUBLISH 
Команда: Противоположный угол: 
Команда: 
Автоматическое сохранение в C:\Users\user\AppData\Local\Temp\РД_1_21763_bae9af4e.sv$ ...

Команда: 
Команда: *Прервано*

Команда: *Прервано*

Команда: *Прервано*

Команда:  
Команда: 
